trip_id,vehicle_id,timestamp,duration_seconds,distance_km,harsh_brake_count,harsh_accel_count,harsh_brake_rate,harsh_accel_rate,speeding_percentage,idle_percentage,over_rpm_percentage,high_throttle_percentage,avg_speed_kmh,max_speed_kmh,speed_std_dev,avg_acceleration_g,max_acceleration_g,max_deceleration_g,avg_rpm,max_rpm,efficient_rpm_percentage,avg_throttle,engine_stress_avg,mode_sport_percent,behavior_label,risk_label,rule_based_score
bd408edb-3761-48d0-b583-1bed3b3cbdf4,68f2ce4a-28df-4f11-bf5b-c961d1f7d064,2026-01-04T22:11:22.963126+00:00,272,4.885870573870574,7,2,92.6470588235294,26.470588235294116,92.3076923076923,0.3663003663003663,0.0,0.7326007326007326,64.89852941176471,93.2,12.031114596146342,0.20451282051282052,0.35,0.447,2026,2687,98.16176470588235,31.78205128205128,34.331868131868134,12.5,calm,low,81.2
4d9d4d19-1ab3-4c15-93e7-cb9075a709a6,68f2ce4a-28df-4f11-bf5b-c961d1f7d064,2026-01-04T22:11:29.187362+00:00,277,6.706898481215028,10,20,129.9638989169675,259.927797833935,82.73381294964028,0.0,0.0,10.431654676258994,87.16546762589928,148.0,25.88632930573995,0.31398561151079135,0.479,0.577,2745,3581,98.92086330935251,44.75251798561151,45.00395683453237,23.381294964028775,normal,medium,73.1
a10bab16-8741-44da-aaff-a8c42bf4b83e,68f2ce4a-28df-4f11-bf5b-c961d1f7d064,2026-01-04T22:11:38.859696+00:00,118,4.50215172735761,16,23,488.13559322033893,701.6949152542372,89.91596638655463,0.0,0.0,57.98319327731093,137.35378151260505,213.1,36.37351698421535,0.5758403361344538,0.837,1.187,4157,5226,11.76470588235294,72.20504201680671,70.35042016806722,64.70588235294117,aggressive,high,43.1
c37fb917-acfb-41ef-a83c-ea83977dd36c,68f2ce4a-28df-4f11-bf5b-c961d1f7d064,2026-01-04T22:11:43.175881+00:00,359,5.832309567901233,2,3,20.055710306406684,30.08356545961003,88.88888888888889,0.0,0.0,0.0,58.795530726256985,80.7,9.045547818283577,0.12668055555555557,0.345,0.394,1597,2255,68.15642458100558,30.11611111111111,24.13388888888889,0.0,calm,low,83.9
3d1d4780-7bc2-4125-a1e8-6cc41d19649d,68f2ce4a-28df-4f11-bf5b-c961d1f7d064,2026-01-04T22:11:53.092200+00:00,375,6.150016622340426,3,1,28.799999999999997,9.6,90.42553191489363,0.0,0.0,0.0,59.188266666666664,80.5,8.280938493243921,0.12924734042553193,0.334,0.333,1605,2193,70.13333333333334,29.115159574468084,24.225531914893615,0.0,calm,low,83.9
cbde8739-b332-4c98-8b09-93f58989830e,68f2ce4a-28df-4f11-bf5b-c961d1f7d064,2026-01-04T22:12:02.873703+00:00,268,7.364022304832713,10,11,134.32835820895522,147.76119402985077,71.00371747211895,0.0,0.0,12.267657992565056,98.91970260223049,152.2,27.21407120015341,0.30598884758364314,0.498,0.594,2871,4089,97.02602230483272,48.85018587360595,44.40557620817844,28.99628252788104,calm,low,75.5
5e57316a-c8a1-49b1-a0c4-072de9bf2b52,68f2ce4a-28df-4f11-bf5b-c961d1f7d064,2026-01-04T22:12:13.831089+00:00,237,4.24232212885154,4,5,60.75949367088608,75.9493670886076,89.49579831932773,0.0,0.0,0.8403361344537815,64.44033613445377,92.7,12.285321701069872,0.21031932773109246,0.35,0.428,2029,2708,98.31932773109243,31.82226890756303,33.813445378151265,10.970464135021098,calm,low,82.1
69ddc6ae-6b33-4e3c-8930-883923ea0ac5,68f2ce4a-28df-4f11-bf5b-c961d1f7d064,2026-01-04T22:12:28.500780+00:00,189,4.880151315789473,8,10,152.38095238095238,190.47619047619048,76.31578947368422,0.0,0.0,15.263157894736842,92.95526315789473,155.4,29.082071682598553,0.3208368421052632,0.485,0.586,2804,3944,95.26315789473684,47.92315789473684,44.22684210526316,26.842105263157894,calm,low,76.8
4edb43e2-b903-47fa-9379-59efa6f1688b,68f2ce4a-28df-4f11-bf5b-c961d1f7d064,2026-01-04T22:12:39.437820+00:00,158,3.2889891684136963,7,5,159.49367088607596,113.9240506329114,88.0503144654088,0.0,0.0,2.515723270440252,74.93899371069182,136.0,20.314638003823145,0.30374842767295596,0.499,0.596,2606,3565,99.37106918238993,38.12641509433963,45.992452830188675,25.157232704402517,calm,low,80.3
296fd87a-e1d0-4eca-aa21-ef5dfb67d324,68f2ce4a-28df-4f11-bf5b-c961d1f7d064,2026-01-04T22:12:49.663509+00:00,240,6.613554633471646,7,14,105.0,210.0,70.53941908713693,0.0,0.0,20.74688796680498,99.20331950207469,150.7,27.455483194539415,0.3113153526970954,0.5,0.593,2855,3694,98.3402489626556,52.78132780082987,43.196680497925314,24.896265560165975,calm,low,76.3
0f2b21aa-2a1e-417b-8b85-d515b8bbe354,68f2ce4a-28df-4f11-bf5b-c961d1f7d064,2026-01-04T22:13:08.655405+00:00,138,4.116117505995203,34,32,886.9565217391305,834.7826086956522,73.38129496402878,0.0,0.0,45.32374100719424,108.15507246376811,243.0,51.97591007277602,0.6431726618705036,0.991,1.494,3168,5672,55.072463768115945,57.72949640287768,62.790647482014386,45.65217391304348,aggressive,high,41.1
ffbd0584-13b9-4081-99b3-46e941eaec56,68f2ce4a-28df-4f11-bf5b-c961d1f7d064,2026-01-04T22:13:16.779305+00:00,225,9.358379424778759,31,34,496.0,544.0,92.03539823008849,0.0,0.0,63.716814159292035,149.73407079646014,234.1,26.82045742574055,0.5615442477876106,0.8,1.099,4282,5432,3.0973451327433628,76.27477876106195,68.8991150442478,61.06194690265486,aggressive,high,43.2
ea93fa8e-3fa6-457a-9769-37a8950c7451,68f2ce4a-28df-4f11-bf5b-c961d1f7d064,2026-01-04T22:13:27.846731+00:00,192,9.235177892918827,32,41,600.0,768.75,98.44559585492227,0.0,3.6269430051813467,77.2020725388601,173.159585492228,250.0,38.77343815763486,0.8191865284974094,1.063,1.794,5614,6724,0.0,84.43937823834196,85.2720207253886,88.08290155440415,dangerous,high,38.5
f290b97f-b0bd-4c3b-9b21-aafa4af4c56f,68f2ce4a-28df-4f11-bf5b-c961d1f7d064,2026-01-04T22:13:35.194627+00:00,317,1.582341719077568,8,0,90.85173501577287,0.0,0.0,5.031446540880504,0.0,0.0,19.32054794520548,40.2,7.530598930211411,0.07411949685534591,0.1,0.8,937,1611,0.3424657534246575,9.18993710691824,10.506603773584906,0.0,calm,low,83.9
32dd2b3a-eb7e-474e-8433-047d5df3d27b,68f2ce4a-28df-4f11-bf5b-c961d1f7d064,2026-01-04T22:13:53.225846+00:00,153,5.86999512987013,17,14,399.99999999999994,329.4117647058823,83.11688311688312,0.0,0.0,56.493506493506494,138.11753246753247,202.7,33.074777797875164,0.5553701298701299,0.849,1.15,4140,5185,8.441558441558442,70.62337662337663,66.94155844155844,53.246753246753244,aggressive,high,44.5
71ab8984-2efa-446f-b9ee-c6a4ff14e117,68f2ce4a-28df-4f11-bf5b-c961d1f7d064,2026-01-04T22:14:00.108743+00:00,166,8.088551563539587,27,34,585.5421686746988,737.3493975903615,98.80239520958084,0.0,4.790419161676647,78.44311377245509,175.41437125748504,250.0,41.732059898920376,0.8188802395209581,1.073,1.784,5627,6848,0.0,84.85748502994012,87.20179640718564,83.8323353293413,dangerous,high,37.7
abaa28f8-462d-4fe5-bbf6-2b93fbd64302,68f2ce4a-28df-4f11-bf5b-c961d1f7d064,2026-01-04T22:14:07.463225+00:00,111,4.1713370535714285,13,16,421.6216216216216,518.918918918919,87.5,0.0,0.0,51.78571428571429,135.28660714285715,199.0,35.15277751558117,0.571982142857143,0.845,1.124,4118,4939,11.607142857142858,68.55714285714285,68.07232142857143,58.92857142857143,aggressive,high,44.9
da890874-62b9-40b8-a6f5-883982603c7b,68f2ce4a-28df-4f11-bf5b-c961d1f7d064,2026-01-04T22:14:12.379891+00:00,203,3.6454311002178654,2,4,35.4679802955665,70.935960591133,92.15686274509804,0.0,0.0,0.0,64.64803921568628,91.3,12.026634904898254,0.20066176470588237,0.35,0.438,2000,2621,97.05882352941177,32.21127450980392,33.55245098039216,4.926108374384237,calm,low,83.6
763fbf01-ac14-4283-b96b-84bc128d5353,68f2ce4a-28df-4f11-bf5b-c961d1f7d064,2026-01-04T22:14:20.445973+00:00,243,5.92356762295082,7,15,103.7037037037037,222.2222222222222,82.78688524590164,0.0,0.0,11.065573770491802,87.75655737704918,155.4,26.09648706873542,0.3097418032786885,0.5,0.58,2762,3770,96.72131147540983,45.54344262295083,45.29631147540984,27.049180327868854,calm,low,76.4
04b95c41-66b4-4004-9977-0f1daf7e0ec7,68f2ce4a-28df-4f11-bf5b-c961d1f7d064,2026-01-04T22:14:28.786486+00:00,88,4.258799001248439,16,18,654.5454545454545,736.3636363636364,97.75280898876404,0.0,4.49438202247191,75.28089887640449,174.22359550561796,250.0,49.05048768492031,0.8286404494382021,1.095,1.653,5545,6677,0.0,81.3067415730337,86.20337078651686,86.51685393258427,dangerous,high,37.9
fda540a7-1f63-44dc-9f98-825e364f0abf,68f2ce4a-28df-4f11-bf5b-c961d1f7d064,2026-01-04T22:14:31.240440+00:00,339,6.082418872549019,6,5,63.716814159292035,53.097345132743364,92.64705882352942,0.0,0.0,0.5882352941176471,64.76814159292036,92.5,10.583144043442772,0.2061,0.35,0.449,2009,2564,99.11504424778761,32.0885294117647,34.92235294117646,9.117647058823529,calm,low,80.9
0990be29-61de-4ebf-b6e9-d6d7cbc13d00,68f2ce4a-28df-4f11-bf5b-c961d1f7d064,2026-01-04T22:14:47.828091+00:00,82,3.728996653279786,16,19,702.4390243902438,834.1463414634146,98.79518072289156,0.0,0.0,77.10843373493977,163.71204819277108,230.7,36.45249226308742,0.8764216867469878,1.093,1.75,5450,6375,0.0,84.60843373493977,86.65421686746987,86.74698795180723,normal,high,39.8
82aa3058-352a-4686-84ac-e873ff1ec40e,68f2ce4a-28df-4f11-bf5b-c961d1f7d064,2026-01-04T22:14:52.254699+00:00,231,8.865233477011495,26,33,405.1948051948052,514.2857142857143,88.36206896551724,0.0,0.0,52.58620689655172,138.1594827586207,206.0,32.01151457287991,0.5455474137931035,0.849,1.167,4158,5657,6.896551724137931,70.22500000000001,67.57586206896552,59.05172413793104,aggressive,high,44.2
5a772dea-8b5e-41e7-9c1b-e1b63ac21dda,68f2ce4a-28df-4f11-bf5b-c961d1f7d064,2026-01-04T22:15:01.620687+00:00,309,5.503937903225807,8,6,93.20388349514563,69.90291262135922,92.58064516129032,0.0,0.0,0.967741935483871,64.12354838709678,94.9,10.71034141451152,0.21070645161290324,0.35,0.443,1999,2660,98.38709677419355,32.670967741935485,34.2883870967742,9.67741935483871,calm,low,79.4
26596734-630f-4e69-a058-1f02836e81fc,68f2ce4a-28df-4f11-bf5b-c961d1f7d064,2026-01-04T22:15:17.393683+00:00,230,4.781654641654642,14,17,219.13043478260872,266.0869565217391,92.64069264069265,0.0,0.0,5.627705627705628,74.84329004329005,135.7,15.215051089359038,0.3225757575757576,0.498,0.599,2589,3367,100.0,40.10043290043289,46.65151515151515,24.242424242424242,normal,medium,72.5
f13bf626-a6ff-45a9-aced-ce11114c8c85,68f2ce4a-28df-4f11-bf5b-c961d1f7d064,2026-01-04T22:15:30.915587+00:00,184,3.2241993993994,4,3,78.26086956521739,58.69565217391304,91.8918918918919,0.0,0.0,0.5405405405405406,63.08216216216216,85.7,10.594897072350605,0.20816756756756755,0.35,0.443,1983,2630,98.91891891891892,31.756756756756758,34.954054054054055,7.567567567567568,calm,low,82.7
0d8aad8c-be8d-4ede-9cfc-be4fb24aeadf,68f2ce4a-28df-4f11-bf5b-c961d1f7d064,2026-01-04T22:15:38.814867+00:00,136,5.269200324412003,19,22,502.94117647058823,582.3529411764706,89.78102189781022,0.0,0.0,54.01459854014598,139.4788321167883,210.7,33.42269308769999,0.560007299270073,0.815,1.12,4177,5166,6.569343065693431,71.89124087591242,68.33357664233577,59.854014598540154,aggressive,high,43.6
e3091546-7bcb-4bfd-9876-e4cdf5d2665d,68f2ce4a-28df-4f11-bf5b-c961d1f7d064,2026-01-04T22:15:44.713025+00:00,134,5.013033744855966,15,19,402.9850746268657,510.4477611940299,89.62962962962962,0.0,0.0,51.11111111111111,134.6785185185185,199.7,32.15319207743106,0.5468740740740741,0.849,1.117,4092,4967,8.148148148148149,70.38148148148149,68.47555555555556,62.22222222222222,aggressive,high,45.0
0468597e-8809-4086-8f92-72d93a8b2964,68f2ce4a-28df-4f11-bf5b-c961d1f7d064,2026-01-04T22:15:50.951450+00:00,285,5.2844857226107225,5,5,63.15789473684211,63.15789473684211,95.1048951048951,0.0,0.0,1.048951048951049,66.7513986013986,93.2,11.71358879163762,0.2071958041958042,0.35,0.449,2045,2614,100.0,34.21993006993007,35.47762237762238,9.44055944055944,calm,low,81.5
9d95315e-2588-4b9c-b685-18038d4b0168,68f2ce4a-28df-4f11-bf5b-c961d1f7d064,2026-01-04T22:16:05.252051+00:00,162,7.609058282208588,32,36,711.1111111111111,800.0,95.70552147239265,0.0,5.521472392638037,73.61963190184049,169.09018404907974,250.0,40.31757554109794,0.8628098159509203,1.099,1.765,5517,6710,0.0,82.77177914110429,87.43435582822086,82.20858895705521,dangerous,high,37.2
5f6cc956-3bc2-4237-91d9-8169a58e80f3,68f2ce4a-28df-4f11-bf5b-c961d1f7d064,2026-01-04T22:16:13.985520+00:00,236,6.074095639943742,17,13,259.32203389830505,198.30508474576268,72.57383966244726,0.0,0.0,13.924050632911392,92.65569620253166,148.6,25.81816362637957,0.3266835443037975,0.494,0.597,2796,3768,98.73417721518987,47.98438818565402,43.391139240506334,24.152542372881356,normal,medium,71.0
e21615ba-56aa-4614-86a9-a8a40ae3f8ba,68f2ce4a-28df-4f11-bf5b-c961d1f7d064,2026-01-04T22:16:24.267345+00:00,296,5.345634867190422,9,6,109.45945945945945,72.97297297297297,93.60269360269359,0.0,0.0,0.0,65.01447811447811,89.1,10.79093767189611,0.20735690235690235,0.35,0.446,2025,2620,99.66329966329967,33.05791245791246,34.790572390572386,9.427609427609427,calm,low,78.8
f6b54d33-76b1-46e3-9acc-c54d8cb04d4c,68f2ce4a-28df-4f11-bf5b-c961d1f7d064,2026-01-04T22:16:38.427179+00:00,230,9.602168109668108,28,37,438.26086956521743,579.1304347826087,92.20779220779221,0.0,0.0,61.904761904761905,150.29480519480518,220.3,29.08147636187498,0.5607489177489178,0.846,1.181,4292,5214,2.5974025974025974,76.7238095238095,68.57056277056277,64.06926406926407,aggressive,high,42.9
545fdf40-4dc3-4dd6-8148-4e6673d23e05,68f2ce4a-28df-4f11-bf5b-c961d1f7d064,2026-01-04T22:16:48.889500+00:00,189,3.1976092105263154,4,3,76.19047619047619,57.142857142857146,86.8421052631579,0.0,0.0,1.0526315789473684,60.90684210526315,84.5,10.63781761978985,0.20129473684210525,0.35,0.436,1982,2528,98.94736842105263,31.114210526315794,34.76,12.631578947368421,calm,low,82.7
cafdfa0f-6b2c-484d-b17e-71a0ba21804a,68f2ce4a-28df-4f11-bf5b-c961d1f7d064,2026-01-04T22:16:55.527812+00:00,225,5.505282079646017,10,16,160.0,256.0,72.56637168141593,0.0,0.0,13.274336283185843,88.08451327433627,156.2,28.145387068908352,0.3164070796460177,0.498,0.597,2751,3820,98.23008849557522,46.430530973451326,44.427433628318575,25.663716814159294,normal,medium,74.0
3f3a00eb-88ca-4be7-8f5d-635c8b258673,68f2ce4a-28df-4f11-bf5b-c961d1f7d064,2026-01-04T22:17:04.747806+00:00,399,6.427169583333334,1,1,9.022556390977444,9.022556390977444,88.75,0.0,0.0,0.0,58.12531328320802,76.6,7.751667996723516,0.12324000000000002,0.3,0.326,1553,2148,59.64912280701754,29.30525,23.8265,0.0,normal,low,89.1
0ef41ff7-4ace-4db0-98a5-62858019f286,68f2ce4a-28df-4f11-bf5b-c961d1f7d064,2026-01-04T22:17:22.542175+00:00,144,5.672000000000001,15,16,375.0,400.0,88.96551724137932,0.0,0.0,55.172413793103445,141.8,206.4,33.14030986474077,0.5278344827586207,0.81,1.058,4218,5299,8.96551724137931,72.1248275862069,67.08482758620688,51.724137931034484,aggressive,high,44.1
f3255ac1-3659-4c0e-a461-83068d3ea3f4,68f2ce4a-28df-4f11-bf5b-c961d1f7d064,2026-01-04T22:17:29.377368+00:00,243,9.265813524590165,26,33,385.18518518518516,488.88888888888886,85.65573770491804,0.0,0.0,52.86885245901639,137.27131147540985,214.6,33.94810885750993,0.5614016393442622,0.821,1.199,4135,5166,8.60655737704918,69.49139344262294,67.61024590163935,60.245901639344254,aggressive,high,42.9
ece83c17-f176-4151-a4fc-f088a65b21e3,68f2ce4a-28df-4f11-bf5b-c961d1f7d064,2026-01-04T22:17:40.056739+00:00,145,5.5763479832572305,16,19,397.2413793103448,471.7241379310345,84.93150684931507,0.0,0.0,55.47945205479452,138.4472602739726,198.6,33.021363353129146,0.5536575342465754,0.826,1.174,4168,5071,8.904109589041095,71.48835616438356,67.49109589041096,58.21917808219178,aggressive,high,44.9
657340eb-50b4-4e59-87bb-94d0bf0df5d1,68f2ce4a-28df-4f11-bf5b-c961d1f7d064,2026-01-04T22:17:46.733030+00:00,206,0.8972278582930756,8,0,139.80582524271844,0.0,0.0,8.695652173913043,0.0,0.0,18.404093567251465,32.0,6.599976579128622,0.07782125603864735,0.1,0.778,935,1428,0.0,8.041062801932368,10.894202898550724,0.0,calm,low,85.5
3f2cda7f-1b92-4fbe-9b38-d92fae5e32bf,68f2ce4a-28df-4f11-bf5b-c961d1f7d064,2026-01-04T22:17:55.506131+00:00,343,5.678223191214471,1,0,10.495626822157433,0.0,88.95348837209302,0.0,0.0,0.0,59.59651162790698,79.4,9.750217024113189,0.12431976744186046,0.2,0.319,1581,2161,66.56976744186046,29.959302325581394,23.89854651162791,0.0,normal,low,89.2
31332d11-de15-4a0d-a1cd-3913b5594c2a,68f2ce4a-28df-4f11-bf5b-c961d1f7d064,2026-01-04T22:18:12.922409+00:00,191,7.575062210648148,20,30,376.9633507853403,565.4450261780105,90.10416666666666,0.0,0.0,58.854166666666664,142.77604166666666,204.3,26.675891287795128,0.5558854166666667,0.841,1.187,4189,5269,3.6458333333333335,73.49583333333334,67.50885416666667,61.458333333333336,aggressive,high,45.0
d8554e32-47b8-4c71-ba83-e158cab10107,68f2ce4a-28df-4f11-bf5b-c961d1f7d064,2026-01-04T22:18:25.897629+00:00,234,5.780795744680852,8,12,123.07692307692307,184.6153846153846,69.7872340425532,0.0,0.0,10.212765957446807,88.93531914893619,141.4,25.118046140562377,0.3094297872340425,0.484,0.577,2761,3616,99.57446808510639,46.31787234042554,43.352340425531914,21.27659574468085,calm,low,76.8
ee0d0538-0e7c-4e59-972c-67c03355de6a,68f2ce4a-28df-4f11-bf5b-c961d1f7d064,2026-01-04T22:18:36.852509+00:00,343,6.286699208656331,8,6,83.96501457725947,62.97376093294461,95.05813953488372,0.29069767441860467,0.0,0.872093023255814,66.1728862973761,87.6,11.025832091136728,0.21277325581395348,0.35,0.45,2022,2694,98.83381924198251,33.513081395348834,35.559593023255815,11.078717201166182,calm,low,79.4
bcf6c9d5-d666-496f-96db-06f83b9c5ea0,68f2ce4a-28df-4f11-bf5b-c961d1f7d064,2026-01-04T22:18:51.303418+00:00,271,4.394727736928104,1,0,13.284132841328413,0.0,87.13235294117648,0.0,0.0,0.0,58.58228782287823,79.1,9.577085772177133,0.12190073529411766,0.196,0.339,1576,2171,65.68265682656826,29.302205882352943,23.195955882352937,0.0,calm,low,88.1
6014d3db-60bb-4366-ae2c-08dff5f96a66,68f2ce4a-28df-4f11-bf5b-c961d1f7d064,2026-01-04T22:19:03.667223+00:00,181,7.631448412698412,27,25,537.0165745856353,497.2375690607735,92.85714285714286,0.5494505494505495,0.0,67.58241758241759,152.6243093922652,219.0,35.44365172675469,0.557412087912088,0.821,1.179,4327,5354,4.972375690607735,77.48571428571428,67.57252747252748,66.85082872928176,aggressive,high,41.9
7dce1ec2-ea1d-4d31-84b9-8da5dd1e39b1,68f2ce4a-28df-4f11-bf5b-c961d1f7d064,2026-01-04T22:19:12.753287+00:00,108,5.265412844036698,15,18,500.0,600.0,99.08256880733946,0.0,0.9174311926605505,79.81651376146789,175.51376146788994,250.0,40.0785386480506,0.8003669724770643,1.044,1.796,5621,6517,0.0,85.55321100917432,87.88715596330275,87.1559633027523,dangerous,high,38.6
480351d0-b539-4fa3-b6a0-376f1f1292e9,68f2ce4a-28df-4f11-bf5b-c961d1f7d064,2026-01-04T22:19:18.238889+00:00,167,4.5476850198412695,8,13,172.4550898203593,280.23952095808386,73.21428571428571,0.0,0.0,20.238095238095237,98.03392857142856,157.0,28.872933507495066,0.32536309523809526,0.49,0.599,2829,3898,96.42857142857143,52.11964285714285,43.8702380952381,23.214285714285715,calm,low,75.9
4d9854ee-34cb-4540-aa79-536eedd6e6e2,68f2ce4a-28df-4f11-bf5b-c961d1f7d064,2026-01-04T22:19:25.157291+00:00,347,1.7482119252873565,7,0,72.62247838616715,0.0,0.0,4.885057471264368,0.0,0.0,19.733753943217668,35.1,7.099657616662998,0.07392528735632184,0.1,0.799,928,1562,0.31545741324921134,8.999425287356322,10.058620689655173,0.0,calm,low,81.3
94396feb-53b8-4717-af66-499a4aea5fc0,68f2ce4a-28df-4f11-bf5b-c961d1f7d064,2026-01-04T22:19:40.548898+00:00,340,6.160381231671553,9,2,95.29411764705883,21.176470588235293,94.72140762463343,0.0,0.0,0.2932551319648094,65.22756598240468,89.9,10.100213533901007,0.20722873900293254,0.35,0.449,2033,2764,98.82697947214076,32.479178885630496,34.329032258064515,11.436950146627565,calm,low,80.0
6feb555a-5d67-4f32-a7c2-2ae697880bcf,68f2ce4a-28df-4f11-bf5b-c961d1f7d064,2026-01-04T22:20:00.469426+00:00,169,6.223535457516339,22,24,468.6390532544379,511.2426035502959,84.11764705882354,0.0,0.0,48.8235294117647,132.57235294117646,206.8,34.109739859565,0.5558411764705882,0.817,1.142,4073,5310,12.352941176470589,68.10705882352941,69.90529411764706,61.1764705882353,aggressive,high,43.9
bf4817fa-25ee-4ab2-9434-e2baba1b902f,68f2ce4a-28df-4f11-bf5b-c961d1f7d064,2026-01-04T22:20:12.685669+00:00,149,4.814879814814814,6,9,144.96644295302013,217.44966442953017,60.66666666666667,0.0,0.0,26.666666666666668,116.33266666666665,157.4,26.41147350847523,0.32386666666666664,0.496,0.595,3063,3711,90.66666666666666,61.2,42.465333333333334,30.0,calm,low,77.9
7e6709d7-c203-483c-8d69-527e29362750,68f2ce4a-28df-4f11-bf5b-c961d1f7d064,2026-01-04T22:20:21.739627+00:00,273,6.919265815085158,13,11,171.42857142857142,145.05494505494505,82.11678832116789,0.0,0.0,11.313868613138686,91.24306569343065,162.1,26.54592301197546,0.3139744525547445,0.486,0.572,2792,3752,95.62043795620438,46.31861313868613,42.89452554744525,24.817518248175183,normal,medium,73.7
ca365643-80b9-4593-8773-b74a53fe9e42,68f2ce4a-28df-4f11-bf5b-c961d1f7d064,2026-01-04T22:20:34.334990+00:00,81,3.567320121951219,15,16,666.6666666666667,711.1111111111111,93.90243902439023,0.0,0.0,76.82926829268293,158.54756097560974,227.7,38.769655048604,0.7933292682926827,1.065,1.747,5429,6358,0.0,81.47439024390243,85.05609756097559,87.8048780487805,normal,high,39.7
b434f4c0-bfb3-4d7a-a064-475fc6c9fec0,68f2ce4a-28df-4f11-bf5b-c961d1f7d064,2026-01-04T22:20:39.050693+00:00,212,5.887478873239435,10,11,169.811320754717,186.7924528301887,68.54460093896714,0.0,0.0,20.657276995305164,99.97605633802814,153.1,26.770080689610957,0.32234741784037557,0.5,0.598,2890,3654,97.1830985915493,52.44788732394366,44.06760563380282,23.943661971830984,calm,low,75.6
54e8e8bc-27ea-4d76-92cd-72b551b3e127,68f2ce4a-28df-4f11-bf5b-c961d1f7d064,2026-01-04T22:20:51.956427+00:00,354,5.870029107981221,4,2,40.67796610169492,20.33898305084746,87.60563380281691,0.0,0.0,0.0,59.8542372881356,78.9,9.35800793726228,0.12627042253521126,0.337,0.371,1592,2189,66.94915254237289,29.816901408450704,24.124788732394364,0.0,calm,low,83.0
beb0cc8f-3572-42c2-a2aa-b63c4d5ec549,68f2ce4a-28df-4f11-bf5b-c961d1f7d064,2026-01-04T22:21:15.503475+00:00,170,3.204980506822612,0,2,0.0,42.35294117647059,94.73684210526315,0.0,0.0,0.5847953216374269,67.87017543859649,90.3,12.505090868523908,0.2045029239766082,0.35,0.298,2046,2634,98.83040935672514,34.19415204678362,34.49824561403509,9.941520467836257,normal,low,89.4
26043cac-76eb-4a82-a838-8c1da3146d48,68f2ce4a-28df-4f11-bf5b-c961d1f7d064,2026-01-04T22:21:26.627233+00:00,162,7.257561349693251,32,29,711.1111111111111,644.4444444444445,95.0920245398773,0.0,2.4539877300613497,69.32515337423312,161.27914110429447,250.0,43.83528630729661,0.8329570552147239,1.078,1.721,5456,6788,0.0,77.46687116564416,87.58895705521472,84.66257668711657,dangerous,high,38.0
b4f33606-9eeb-4d7c-b5eb-6fa295ac95e1,68f2ce4a-28df-4f11-bf5b-c961d1f7d064,2026-01-04T22:21:36.487541+00:00,150,2.683471302428256,1,2,24.0,48.0,92.05298013245033,0.0,0.0,0.6622516556291391,64.40331125827815,83.1,12.69266575113383,0.19917880794701986,0.35,0.408,2034,2530,99.33774834437085,31.192052980132452,35.582119205298014,8.666666666666668,calm,low,84.8
d6817a2c-32c1-434e-86fc-36963cf7dfac,68f2ce4a-28df-4f11-bf5b-c961d1f7d064,2026-01-04T22:21:46.273422+00:00,390,1.5716368286445013,12,0,110.76923076923076,0.0,0.0,9.974424552429667,0.0,0.0,17.122670807453417,33.8,6.864781961293768,0.07830690537084399,0.1,0.729,917,1443,0.0,7.278516624040921,10.493606138107417,0.0,calm,low,77.5
ce6e6203-5efd-47a6-a8d8-cfd1e83f5e6f,68f2ce4a-28df-4f11-bf5b-c961d1f7d064,2026-01-04T22:22:13.187610+00:00,267,6.500127176616915,15,20,202.24719101123594,269.66292134831457,84.32835820895522,0.0,0.0,13.805970149253731,87.64216417910447,151.5,26.53820770984087,0.32247014925373135,0.495,0.575,2743,3819,96.26865671641791,46.156716417910445,45.10298507462686,29.1044776119403,normal,medium,70.0
4a5d20ff-4d86-4edf-b89b-c85677c7787e,68f2ce4a-28df-4f11-bf5b-c961d1f7d064,2026-01-04T22:22:29.876099+00:00,80,3.515829903978052,12,17,540.0,765.0,92.5925925925926,0.0,0.0,74.07407407407408,158.21234567901234,250.0,39.519341670917655,0.7985925925925925,1.067,1.663,5383,6436,0.0,79.3074074074074,88.34074074074073,81.48148148148148,normal,high,39.3
708105e3-7265-42ea-bbd7-be7286193d7e,68f2ce4a-28df-4f11-bf5b-c961d1f7d064,2026-01-04T22:22:34.145514+00:00,235,8.52909486817326,30,29,459.57446808510633,444.25531914893617,84.7457627118644,0.0,0.0,50.847457627118644,130.6584745762712,192.3,29.901558335535317,0.5637033898305085,0.816,1.171,4084,4982,9.745762711864407,68.19745762711864,66.73728813559322,61.016949152542374,aggressive,high,46.2
bd2fab00-2ab1-4c14-9530-7bd3e9dd35b1,68f2ce4a-28df-4f11-bf5b-c961d1f7d064,2026-01-04T22:22:45.221000+00:00,335,6.326863839285714,6,1,64.4776119402985,10.746268656716417,96.42857142857143,0.0,0.0,0.0,67.99017857142857,98.4,11.419735109367128,0.19771726190476188,0.35,0.445,2038,2660,99.10714285714286,33.832142857142856,34.436011904761905,11.30952380952381,calm,low,82.1
2e6378d0-f8bc-404a-b4af-f83e224551c9,68f2ce4a-28df-4f11-bf5b-c961d1f7d064,2026-01-04T22:22:59.641217+00:00,202,4.6995405035577456,7,10,124.75247524752476,178.21782178217822,80.78817733990148,0.0,0.0,5.911330049261084,83.75418719211824,130.2,21.21700962072052,0.3133497536945813,0.483,0.588,2712,3417,100.0,43.142857142857146,44.02512315270937,23.15270935960591,calm,low,78.6
eaf6db61-126c-4192-8419-01b21653ad36,68f2ce4a-28df-4f11-bf5b-c961d1f7d064,2026-01-04T22:23:09.057748+00:00,347,5.72356114303959,1,1,10.37463976945245,10.37463976945245,89.08045977011494,0.0,0.0,0.0,59.379885057471256,78.6,10.121985743375015,0.13079597701149423,0.337,0.373,1579,2134,65.80459770114942,30.118678160919536,23.65201149425287,0.0,calm,low,89.0
ea3b314e-4b43-41b9-bdde-68a9b7987ba8,68f2ce4a-28df-4f11-bf5b-c961d1f7d064,2026-01-04T22:23:20.476352+00:00,186,8.841492869875223,31,44,600.0,851.6129032258065,96.2566844919786,0.0,2.13903743315508,78.07486631016043,171.12566844919786,250.0,35.80883713647435,0.8060909090909091,1.096,1.792,5546,6821,0.0,82.92139037433155,86.275935828877,83.42245989304813,normal,high,39.4
506c2b9b-a113-4128-a2b3-ccbf83702986,68f2ce4a-28df-4f11-bf5b-c961d1f7d064,2026-01-04T22:23:26.775106+00:00,272,6.434455026455026,11,16,145.58823529411765,211.76470588235293,84.61538461538461,0.0,0.0,9.523809523809524,85.16190476190476,161.6,24.95349989102616,0.31245054945054945,0.499,0.528,2724,3644,96.7032967032967,44.710256410256406,45.11978021978022,27.472527472527474,normal,medium,73.9
44be27e4-a6f9-4e0d-bc2d-a6d5055ad862,68f2ce4a-28df-4f11-bf5b-c961d1f7d064,2026-01-04T22:23:35.371124+00:00,124,5.888208888888888,26,26,754.8387096774194,754.8387096774194,96.8,0.0,0.0,69.6,170.94799999999998,246.1,37.33129003932224,0.816528,1.09,1.79,5549,6455,0.0,80.78880000000001,87.1344,85.6,normal,high,39.1
fff56c01-21c4-4c85-bd08-3c9e82390c3b,68f2ce4a-28df-4f11-bf5b-c961d1f7d064,2026-01-04T22:23:39.598623+00:00,315,5.169256329113924,0,1,0.0,11.428571428571429,87.0253164556962,0.0,0.0,0.0,59.07721518987342,77.7,9.150346875448772,0.1281360759493671,0.253,0.199,1572,2279,66.13924050632912,29.680379746835442,24.085443037974684,0.0,normal,low,89.7
c9ec17d4-9bbf-4284-ae79-8b5764c46ebe,68f2ce4a-28df-4f11-bf5b-c961d1f7d064,2026-01-04T22:23:50.436119+00:00,375,6.048758865248226,4,0,38.4,0.0,85.37234042553192,0.26595744680851063,0.0,0.0,58.36844919786096,83.0,8.895421477561472,0.1270877659574468,0.199,0.389,1574,2193,64.97326203208557,28.925531914893618,23.310638297872337,0.0,calm,low,83.6
f473825c-c02f-4412-8759-18e3d9a057d5,68f2ce4a-28df-4f11-bf5b-c961d1f7d064,2026-01-04T22:24:02.730477+00:00,109,3.7979893939393943,15,14,495.4128440366972,462.3853211009174,80.9090909090909,0.0,0.0,44.54545454545455,125.43818181818183,178.2,30.27522233780135,0.5443272727272727,0.783,1.199,4033,4810,12.727272727272727,67.8218181818182,67.81818181818181,60.0,aggressive,high,47.9
6d4c97d5-175f-4023-86e7-82281a006686,68f2ce4a-28df-4f11-bf5b-c961d1f7d064,2026-01-04T22:24:06.704121+00:00,174,3.1833714285714283,5,4,103.44827586206897,82.75862068965517,94.28571428571428,0.0,0.0,1.1428571428571428,66.22011494252875,96.3,12.427920826861676,0.22294285714285714,0.35,0.446,2027,2528,98.27586206896551,33.917142857142856,35.55028571428572,12.571428571428573,calm,low,81.8
68d48def-5968-41ff-b131-5e68d3d9f1ef,68f2ce4a-28df-4f11-bf5b-c961d1f7d064,2026-01-04T22:24:12.704930+00:00,79,4.114363888888889,13,12,592.4050632911393,546.8354430379748,98.75,0.0,11.25,80.0,187.49,250.0,42.527213640209254,0.7896374999999999,1.06,1.598,5810,6758,0.0,83.85875,86.78875000000001,88.75,dangerous,high,35.7
befd5c96-6fe1-46d3-a8c9-588542c092d3,68f2ce4a-28df-4f11-bf5b-c961d1f7d064,2026-01-04T22:24:16.003799+00:00,236,9.562315049226441,26,37,396.61016949152537,564.4067796610169,92.82700421940928,0.0,0.0,59.91561181434599,145.86582278481012,220.2,33.968422489611285,0.5607974683544303,0.838,1.193,4230,5254,7.172995780590717,75.42700421940927,68.87510548523207,65.40084388185655,aggressive,high,41.8
a44d106b-7122-4512-811f-253979c191ae,68f2ce4a-28df-4f11-bf5b-c961d1f7d064,2026-01-04T22:24:23.700761+00:00,95,4.515523726851852,14,19,530.5263157894736,720.0,96.875,0.0,1.0416666666666665,76.04166666666666,171.11458333333334,248.5,41.420068553698165,0.7805000000000001,1.065,1.685,5573,6728,0.0,85.44166666666666,87.52187500000001,88.54166666666666,dangerous,high,38.6
0e3b849a-970e-4cb0-8c9a-a4f72a4d9769,68f2ce4a-28df-4f11-bf5b-c961d1f7d064,2026-01-04T22:24:27.101859+00:00,296,5.284867938645718,2,3,24.324324324324323,36.486486486486484,92.5925925925926,0.0,0.0,0.0,64.27542087542089,92.7,11.399691438376916,0.20494612794612793,0.35,0.436,1995,2628,98.65319865319864,32.81279461279461,35.52693602693603,7.77027027027027,calm,low,83.9
6c06ecf8-9750-4bcd-845a-6ee97a63a889,68f2ce4a-28df-4f11-bf5b-c961d1f7d064,2026-01-04T22:24:36.951872+00:00,248,1.3013913431503792,9,0,130.6451612903226,0.0,0.0,5.220883534136546,0.0,0.0,20.65688888888889,34.6,7.184462191956633,0.08192771084337348,0.099,0.785,917,1382,0.0,9.57429718875502,10.197991967871486,0.0,calm,low,78.5
2b44b996-04b9-4057-bc0d-a08d5dba6f82,68f2ce4a-28df-4f11-bf5b-c961d1f7d064,2026-01-04T22:24:44.350921+00:00,207,4.995257211538463,12,10,208.69565217391303,173.91304347826087,82.21153846153845,0.0,0.0,10.096153846153847,86.87403846153848,146.0,22.866950013536954,0.3098653846153846,0.484,0.599,2726,3648,98.5576923076923,45.168749999999996,44.8423076923077,24.519230769230766,calm,low,75.4
1be77338-490f-4ffe-9ef6-baa251be9e74,68f2ce4a-28df-4f11-bf5b-c961d1f7d064,2026-01-04T22:24:50.140876+00:00,136,6.65004703974047,21,31,555.8823529411765,820.5882352941177,98.54014598540147,0.0,2.18978102189781,76.64233576642336,176.03065693430656,250.0,38.805042493548456,0.8245839416058394,1.082,1.799,5615,6647,0.0,81.67153284671532,84.85547445255474,83.21167883211679,normal,high,39.3
15120ba3-fafa-4222-859f-2d0cf088a2d3,68f2ce4a-28df-4f11-bf5b-c961d1f7d064,2026-01-04T22:24:54.657418+00:00,169,4.619388562091504,8,9,170.41420118343197,191.71597633136096,64.70588235294117,0.0,0.0,15.88235294117647,98.40117647058825,146.6,27.129846790043086,0.32387058823529413,0.491,0.589,2863,3691,97.05882352941177,50.667647058823526,44.24823529411765,23.52941176470588,calm,low,77.4
19f653da-900d-439c-b825-5a41c55bab2c,68f2ce4a-28df-4f11-bf5b-c961d1f7d064,2026-01-04T22:24:59.702159+00:00,184,5.410124924924924,8,13,156.52173913043478,254.3478260869565,62.16216216216216,0.0,0.0,18.37837837837838,105.85027027027024,149.5,27.15103327748434,0.31896756756756756,0.5,0.584,2946,3695,97.2972972972973,54.77891891891892,43.08162162162162,29.18918918918919,calm,low,76.1
c593aef2-6a25-4ef8-b422-dc174f65e344,68f2ce4a-28df-4f11-bf5b-c961d1f7d064,2026-01-04T22:25:07.438705+00:00,189,4.264215789473684,9,12,171.42857142857144,228.57142857142858,77.36842105263158,0.5263157894736842,0.0,7.368421052631578,81.65291005291004,138.7,24.400048887481482,0.3142684210526316,0.459,0.598,2678,3514,99.47089947089947,41.16684210526315,45.04526315789473,22.22222222222222,calm,low,76.3
c8376f27-7816-4545-b13a-98eea5835bc1,68f2ce4a-28df-4f11-bf5b-c961d1f7d064,2026-01-04T22:25:14.133528+00:00,188,7.791196355085245,24,23,459.57446808510633,440.4255319148936,91.005291005291,0.0,0.0,58.730158730158735,149.1931216931217,216.1,32.07933956244998,0.5606984126984127,0.841,1.117,4302,5429,4.761904761904762,74.9835978835979,68.72857142857143,59.78835978835979,aggressive,high,43.0
19811a55-9039-4912-8c09-77e3e8b36f77,68f2ce4a-28df-4f11-bf5b-c961d1f7d064,2026-01-04T22:25:20.770142+00:00,248,4.484445336903168,3,2,43.54838709677419,29.032258064516128,91.96787148594377,0.0,0.0,0.0,65.09678714859437,91.5,11.57941280560313,0.20382329317269074,0.35,0.446,2011,2581,99.19678714859438,33.585140562249,34.06104417670682,9.63855421686747,calm,low,83.6
76a5667e-4ba6-4a84-abab-ba9ccabf0f71,68f2ce4a-28df-4f11-bf5b-c961d1f7d064,2026-01-04T22:25:28.010211+00:00,217,3.899833970438328,2,4,33.17972350230415,66.3594470046083,90.36697247706422,0.0,0.0,0.45871559633027525,64.69770642201834,94.1,13.428059908439405,0.2076743119266055,0.35,0.4,2019,2586,99.08256880733946,32.55091743119266,34.2440366972477,10.550458715596331,calm,low,83.6
8bee92fb-aee9-43f0-a1b8-9674b5a9aa28,68f2ce4a-28df-4f11-bf5b-c961d1f7d064,2026-01-04T22:25:34.805332+00:00,175,6.477872474747476,34,35,699.4285714285714,720.0,85.79545454545455,0.0,0.0,50.0,134.79080459770114,223.5,41.22919993086004,0.6675511363636364,0.996,1.437,3718,5637,33.90804597701149,66.37954545454545,69.11874999999999,52.84090909090909,aggressive,high,41.3
0b6e0676-ff06-4c1f-8597-c964f4fb27aa,68f2ce4a-28df-4f11-bf5b-c961d1f7d064,2026-01-04T22:25:40.070259+00:00,140,5.415319148936171,12,15,308.57142857142856,385.7142857142857,92.19858156028369,0.0,0.0,56.73758865248227,139.25106382978726,200.1,31.795000760125028,0.5333687943262412,0.777,1.198,4196,5079,7.092198581560284,72.77872340425532,68.78936170212765,57.446808510638306,aggressive,high,44.9
4e8db064-5e05-4d2c-a95c-408ae09c8844,68f2ce4a-28df-4f11-bf5b-c961d1f7d064,2026-01-04T22:25:45.178415+00:00,185,7.2685162783751505,28,27,544.8648648648649,525.4054054054054,89.24731182795699,0.0,0.0,62.365591397849464,141.4413978494624,209.6,31.862685159491797,0.5400537634408602,0.836,1.087,4191,5194,6.451612903225806,73.14677419354838,66.96344086021504,63.44086021505376,aggressive,high,43.3
d7a5d592-48b4-4608-ba18-2b084f09e898,68f2ce4a-28df-4f11-bf5b-c961d1f7d064,2026-01-04T22:25:52.827197+00:00,295,7.866943506006005,11,14,134.23728813559322,170.84745762711864,66.21621621621621,0.0,0.0,14.527027027027026,96.00337837837837,162.2,28.950088492467422,0.3229425675675676,0.49,0.576,2844,3607,98.3108108108108,48.876689189189186,43.31554054054054,23.986486486486484,normal,medium,73.8
e87b7343-0a89-4914-9273-56b19dfb7c20,68f2ce4a-28df-4f11-bf5b-c961d1f7d064,2026-01-04T22:26:03.691479+00:00,292,7.4015134622677285,18,16,221.91780821917808,197.26027397260276,81.91126279863481,0.0,0.0,10.580204778156997,91.25153583617748,152.3,24.388920147658286,0.31491467576791815,0.484,0.597,2797,3609,98.63481228668942,47.0542662116041,45.804095563139924,31.74061433447099,normal,medium,69.7
4a69fe2f-95f0-4958-bc39-b4c04e68e2d3,68f2ce4a-28df-4f11-bf5b-c961d1f7d064,2026-01-04T22:26:13.379085+00:00,369,5.845104054054053,0,2,0.0,19.51219512195122,78.91891891891892,0.0,0.0,0.0,57.16991869918699,79.8,9.729603932140147,0.12727297297297296,0.338,0.2,1559,2113,62.601626016260155,28.903783783783787,22.998108108108106,0.0,normal,low,89.4
093850e3-5d33-43b6-a0b0-69f8ee103040,68f2ce4a-28df-4f11-bf5b-c961d1f7d064,2026-01-04T22:26:25.052491+00:00,140,5.26751379038613,18,18,462.85714285714283,462.85714285714283,86.52482269503547,0.0,0.0,48.93617021276596,135.45035460992906,209.6,30.66628805836316,0.5849929078014185,0.824,1.155,4100,5345,6.382978723404255,69.91205673758867,68.91843971631205,60.99290780141844,aggressive,high,43.9
825c6dd7-7c41-4487-b6b1-c998420b8eda,68f2ce4a-28df-4f11-bf5b-c961d1f7d064,2026-01-04T22:26:29.016733+00:00,266,7.212800873907615,11,17,148.8721804511278,230.0751879699248,74.90636704119851,0.0,0.0,17.228464419475657,97.61685393258426,159.0,28.66092056494958,0.3228164794007491,0.497,0.592,2865,3861,95.13108614232209,50.37378277153558,44.91535580524345,27.819548872180448,normal,medium,73.0
b0859b2f-40cb-415e-bf3c-f0948a82866d,68f2ce4a-28df-4f11-bf5b-c961d1f7d064,2026-01-04T22:26:36.780147+00:00,167,6.299334986772488,21,22,452.6946107784431,474.251497005988,89.28571428571429,0.0,0.0,54.761904761904766,135.79404761904763,210.1,29.90381545647437,0.5621130952380953,0.832,1.179,4113,4984,7.142857142857142,70.66607142857144,68.84821428571429,61.904761904761905,aggressive,high,44.5
cadbd862-1888-4e8a-8b82-588ab6758b22,68f2ce4a-28df-4f11-bf5b-c961d1f7d064,2026-01-04T22:26:41.936336+00:00,287,5.428391300154321,7,4,87.8048780487805,50.174216027874564,95.48611111111111,0.0,0.0,0.3472222222222222,68.09131944444445,98.2,12.086199128352035,0.20547916666666666,0.35,0.445,2048,2830,100.0,34.46840277777778,35.72777777777778,10.416666666666668,calm,low,80.6
bf72c3f3-834d-4975-988f-da1cd6ab1b14,68f2ce4a-28df-4f11-bf5b-c961d1f7d064,2026-01-04T22:26:50.195469+00:00,247,6.440923387096773,9,12,131.1740890688259,174.8987854251012,77.01612903225806,0.0,0.0,14.112903225806454,93.87580645161289,167.2,28.801808497674806,0.3227016129032258,0.49,0.57,2823,3805,97.98387096774194,47.68427419354839,44.417338709677416,27.419354838709676,calm,low,75.7
0efb2b43-800e-4597-b397-7c9f7da22c2a,68f2ce4a-28df-4f11-bf5b-c961d1f7d064,2026-01-04T22:26:57.140248+00:00,168,4.565960552268245,11,11,235.7142857142857,235.7142857142857,72.7810650887574,0.0,0.0,17.75147928994083,97.84201183431952,152.4,29.860657827538745,0.31601775147928995,0.498,0.552,2862,3673,94.67455621301775,51.88816568047338,44.64674556213017,28.402366863905325,normal,medium,74.6
49581cda-9363-42d0-b666-3b5a6561fb90,68f2ce4a-28df-4f11-bf5b-c961d1f7d064,2026-01-04T22:27:01.890300+00:00,89,4.333338580246914,14,22,566.2921348314607,889.8876404494382,96.66666666666667,0.0,4.444444444444445,75.55555555555556,175.28111111111113,249.9,41.42659342994396,0.8226888888888889,1.057,1.779,5573,6678,1.1111111111111112,84.9511111111111,86.39444444444445,87.77777777777777,dangerous,high,38.8
d2bbcf85-6529-4b11-8862-17cea56e213b,68f2ce4a-28df-4f11-bf5b-c961d1f7d064,2026-01-04T22:27:05.095277+00:00,397,6.567124790619766,2,1,18.1360201511335,9.06801007556675,91.4572864321608,0.0,0.0,0.0,59.550753768844224,76.2,9.183524516622713,0.12335929648241205,0.308,0.357,1577,2195,65.32663316582915,30.151005025125635,24.44798994974874,0.0,calm,low,85.2
efe5f2b3-e0a1-4efe-ba79-ffd283650405,68f2ce4a-28df-4f11-bf5b-c961d1f7d064,2026-01-04T22:27:18.714326+00:00,322,5.922385276917783,6,4,67.08074534161491,44.72049689440994,92.56965944272446,0.0,0.0,0.30959752321981426,66.21300309597522,91.2,11.283348287035807,0.205030959752322,0.35,0.448,2028,2573,99.69040247678018,33.59814241486068,35.18297213622291,11.145510835913312,calm,low,81.2
3d5c1041-1d1d-4d6e-84c0-464520839941,68f2ce4a-28df-4f11-bf5b-c961d1f7d064,2026-01-04T22:27:28.578486+00:00,181,3.6099168192918194,3,9,59.66850828729282,179.00552486187846,93.4065934065934,0.0,0.0,1.6483516483516485,71.79945054945055,115.5,14.856931254182697,0.3069340659340659,0.444,0.573,2583,3223,100.0,36.578571428571436,46.39615384615385,19.78021978021978,calm,low,81.5
a65ea951-9223-414f-8546-d81afa3b99d8,68f2ce4a-28df-4f11-bf5b-c961d1f7d064,2026-01-04T22:27:33.955438+00:00,205,3.8180144282632136,3,4,52.6829268292683,70.2439024390244,94.66019417475728,0.0,0.0,0.9708737864077669,67.04805825242717,113.8,13.080014070110037,0.20316019417475728,0.35,0.448,2040,2502,98.54368932038835,34.60776699029127,34.49368932038835,9.70873786407767,calm,low,83.0
5a4aa588-3b62-4c94-b50e-3be4dda5f126,68f2ce4a-28df-4f11-bf5b-c961d1f7d064,2026-01-04T22:27:39.874555+00:00,236,6.359746366619785,8,15,122.03389830508473,228.81355932203388,74.26160337552743,0.0,0.0,13.924050632911392,97.01308016877637,156.7,27.45083133796628,0.304535864978903,0.499,0.594,2854,3602,96.62447257383965,49.883122362869194,42.50928270042194,26.160337552742618,calm,low,75.6
461829db-e2b9-4e4e-b245-fbab301ca6af,68f2ce4a-28df-4f11-bf5b-c961d1f7d064,2026-01-04T22:27:47.136028+00:00,168,2.9572307692307698,3,3,64.28571428571428,64.28571428571428,90.53254437869822,0.0,0.0,0.0,63.369230769230775,91.1,12.816035628491722,0.2057810650887574,0.35,0.444,2008,2485,97.63313609467455,33.148520710059174,35.598224852071006,8.875739644970414,calm,low,83.3
d56b73f9-a420-4818-ba69-149d008058e6,68f2ce4a-28df-4f11-bf5b-c961d1f7d064,2026-01-04T22:27:54.564860+00:00,153,3.6510259740259743,6,13,141.17647058823528,305.88235294117646,81.81818181818183,0.0,0.0,11.688311688311687,85.9064935064935,153.6,26.461897810936602,0.32207142857142856,0.496,0.579,2721,3582,98.7012987012987,45.7538961038961,44.857142857142854,18.83116883116883,calm,low,77.5
22e15bfe-bd75-430c-adcb-3e1ffb8b8dc4,68f2ce4a-28df-4f11-bf5b-c961d1f7d064,2026-01-04T22:28:01.366814+00:00,206,3.3765810520665593,2,0,34.95145631067961,0.0,90.33816425120773,0.0,0.0,0.0,59.28543689320388,75.3,9.510090785627227,0.13045410628019322,0.198,0.324,1562,2045,60.679611650485434,28.956038647342993,24.03478260869565,0.0,calm,low,84.8
3bba9c52-923c-4493-ad02-4d33d1f72dff,68f2ce4a-28df-4f11-bf5b-c961d1f7d064,2026-01-04T22:28:10.654132+00:00,151,7.305646016081871,24,25,572.1854304635762,596.0264900662252,98.02631578947368,0.0,2.631578947368421,76.31578947368422,174.17434210526315,250.0,39.3097742912667,0.8064605263157895,1.03,1.784,5613,6667,0.0,82.76842105263158,86.96644736842104,84.21052631578947,dangerous,high,38.9
8a6a9dd6-df48-434e-81c2-b28ea7af296f,68f2ce4a-28df-4f11-bf5b-c961d1f7d064,2026-01-04T22:28:20.225487+00:00,243,5.488275614754098,13,16,192.59259259259258,237.037037037037,87.70491803278688,0.0,0.0,7.786885245901639,81.30778688524589,140.5,20.7557117563325,0.3235,0.498,0.6,2674,3397,100.0,44.26311475409836,46.22459016393443,26.639344262295083,normal,medium,73.3
e27c4642-81d8-44c7-8fba-37e017834b68,68f2ce4a-28df-4f11-bf5b-c961d1f7d064,2026-01-04T22:28:32.754549+00:00,124,4.7363040000000005,11,19,319.35483870967744,551.6129032258065,90.4,0.0,0.0,56.8,137.50560000000002,210.6,37.08592467014945,0.55628,0.805,1.147,4147,5105,10.4,72.12400000000001,68.9272,67.2,aggressive,high,43.1
2e8d7967-eb6a-4ee4-8c91-a1877794d81e,68f2ce4a-28df-4f11-bf5b-c961d1f7d064,2026-01-04T22:28:37.500498+00:00,132,5.150040100250626,14,22,381.8181818181818,600.0,89.47368421052632,0.0,0.0,55.639097744360896,140.45563909774435,209.8,34.71951286328388,0.5531052631578947,0.829,1.194,4175,4985,9.774436090225564,72.48270676691729,70.40526315789475,54.88721804511278,aggressive,high,43.7
c3c56532-5ca2-4dcf-8746-3c6d3bbdd430,68f2ce4a-28df-4f11-bf5b-c961d1f7d064,2026-01-04T22:28:42.368769+00:00,281,7.065384062253743,9,12,115.30249110320284,153.73665480427044,78.01418439716312,0.0,0.0,9.574468085106384,90.51737588652482,149.0,26.047338578341122,0.30068439716312056,0.497,0.594,2776,3752,98.58156028368793,45.32872340425532,43.93120567375887,28.01418439716312,calm,low,76.1
41995ebd-d806-4372-8904-24a74a5fcedd,68f2ce4a-28df-4f11-bf5b-c961d1f7d064,2026-01-04T22:28:51.541744+00:00,161,3.4570553840877913,5,11,111.80124223602485,245.96273291925468,82.09876543209876,0.0,0.0,6.172839506172839,77.30061728395061,132.3,21.050349684534524,0.31922222222222224,0.499,0.552,2648,3463,100.0,41.26481481481481,44.24135802469136,24.691358024691358,calm,low,79.5
3b4cc402-a6f7-4866-92e0-9a05c3db3b65,68f2ce4a-28df-4f11-bf5b-c961d1f7d064,2026-01-04T22:28:58.237722+00:00,274,4.847419797979799,4,3,52.55474452554744,39.41605839416058,93.0909090909091,0.0,0.0,0.0,63.68872727272728,95.7,11.166947178582703,0.20447272727272728,0.35,0.443,1994,2543,96.72727272727273,32.7530909090909,34.531636363636366,9.818181818181818,calm,low,82.7
4aa6c333-9661-408c-a18d-48dd46732211,68f2ce4a-28df-4f11-bf5b-c961d1f7d064,2026-01-04T22:29:09.661624+00:00,298,7.788309178743962,15,10,181.20805369127515,120.80536912751677,73.57859531772574,0.0,0.0,12.040133779264215,94.08695652173913,148.0,25.73248920015778,0.3236020066889632,0.495,0.598,2834,3655,98.99665551839465,47.413377926421404,43.67090301003344,27.09030100334448,normal,medium,73.1
6a6dfba7-4d1f-4b94-8851-3cfce3936803,68f2ce4a-28df-4f11-bf5b-c961d1f7d064,2026-01-04T22:29:20.395392+00:00,185,7.297719534050178,23,29,447.5675675675676,564.3243243243244,90.86021505376344,0.0,0.0,61.29032258064516,142.00967741935483,221.8,35.41242435672363,0.5749354838709677,0.845,1.179,4213,5316,6.989247311827956,75.68763440860216,68.26505376344086,52.68817204301075,aggressive,high,42.2
d29c5072-2361-4115-8a04-b5e7c4b7ec7d,68f2ce4a-28df-4f11-bf5b-c961d1f7d064,2026-01-04T22:29:27.770750+00:00,125,4.879905202821869,10,21,288.0,604.8,85.71428571428571,0.0,0.0,57.14285714285714,140.5412698412698,202.8,32.98223251812355,0.541484126984127,0.792,1.159,4188,5083,4.761904761904762,72.87698412698413,68.32777777777778,58.730158730158735,aggressive,high,43.9
66e9f8f7-62a2-4b32-8f0d-4b5a4a68aec5,68f2ce4a-28df-4f11-bf5b-c961d1f7d064,2026-01-04T22:29:32.270418+00:00,171,8.122997093023256,32,30,673.6842105263158,631.578947368421,95.93023255813954,0.0,1.1627906976744187,78.48837209302324,171.01046511627908,250.0,38.20089195680246,0.8300813953488372,1.083,1.743,5539,6615,0.0,83.39593023255813,87.89011627906977,88.95348837209302,normal,high,39.0
63b7233c-ff9e-4615-b94b-2c1addf882a4,68f2ce4a-28df-4f11-bf5b-c961d1f7d064,2026-01-04T22:29:37.304172+00:00,212,8.224123630672926,25,27,424.52830188679246,458.49056603773585,86.3849765258216,0.0,0.0,56.33802816901409,139.6549295774648,201.4,27.372096696767684,0.5404647887323943,0.848,1.192,4177,5303,3.755868544600939,73.35446009389672,67.85915492957747,57.74647887323944,aggressive,high,44.7
4556a4ac-c69f-4845-a490-c22fe98ca980,68f2ce4a-28df-4f11-bf5b-c961d1f7d064,2026-01-04T22:29:43.803295+00:00,349,6.482979682539682,3,1,30.945558739255013,10.315186246418339,95.71428571428572,0.0,0.0,0.0,67.0512893982808,92.0,10.771328800357814,0.20216,0.35,0.439,2022,2553,98.28080229226362,33.63285714285714,35.107142857142854,10.571428571428571,calm,low,83.9
5f5e8811-efb5-47ee-877e-1d9c645e7d08,68f2ce4a-28df-4f11-bf5b-c961d1f7d064,2026-01-04T22:29:57.448507+00:00,174,4.332461904761905,14,8,289.6551724137931,165.51724137931035,79.42857142857143,0.0,0.0,8.571428571428571,89.63714285714286,153.1,25.489877943038888,0.3215771428571428,0.5,0.588,2768,3577,97.71428571428571,45.877714285714276,46.17257142857144,24.0,normal,medium,74.4
87e80aac-0e2f-4be6-950e-00a74c3ef8b6,68f2ce4a-28df-4f11-bf5b-c961d1f7d064,2026-01-04T22:30:05.664665+00:00,283,5.162674002347418,8,7,101.76678445229682,89.04593639575971,94.01408450704226,0.0,0.0,0.7042253521126761,65.67359154929578,93.0,10.817612779892947,0.20840140845070423,0.35,0.446,2030,2730,99.64788732394366,33.04049295774648,34.75422535211268,8.80281690140845,calm,low,79.1
118ab195-5443-47c4-8066-83fac35b00aa,68f2ce4a-28df-4f11-bf5b-c961d1f7d064,2026-01-04T22:30:17.490070+00:00,166,6.538472721224218,18,30,390.3614457831325,650.6024096385543,88.02395209580838,0.0,0.0,62.27544910179641,141.79820359281436,206.8,27.146871486479988,0.5482694610778444,0.798,1.198,4188,5147,2.3952095808383236,73.07485029940119,67.49161676646706,56.287425149700596,aggressive,high,44.5
5dc8160c-ba59-4f07-adc1-fd80429ef4d3,68f2ce4a-28df-4f11-bf5b-c961d1f7d064,2026-01-04T22:30:24.840261+00:00,214,3.9875333333333334,5,3,84.11214953271028,50.467289719626166,93.48837209302326,0.0,0.0,0.46511627906976744,67.08,91.0,12.432003711351994,0.2025069767441861,0.35,0.435,2039,2607,99.06976744186046,34.07720930232558,34.375813953488375,8.372093023255815,calm,low,82.1
cfe6bb45-fa3e-4ad5-b49f-d6c0b8362d85,68f2ce4a-28df-4f11-bf5b-c961d1f7d064,2026-01-04T22:30:38.882142+00:00,277,7.437455535571542,13,14,168.95306859205778,181.9494584837545,77.33812949640287,0.0,0.0,14.028776978417264,96.66007194244604,158.2,29.163464306466345,0.3190971223021583,0.486,0.56,2848,3775,96.76258992805755,49.83884892086331,43.54280575539568,29.24187725631769,normal,medium,72.6
82c26a42-2b2e-43c1-b6fc-1353985c6264,68f2ce4a-28df-4f11-bf5b-c961d1f7d064,2026-01-04T22:30:55.350211+00:00,186,3.3483868092691624,3,3,58.064516129032256,58.064516129032256,93.04812834224599,0.0,0.0,1.06951871657754,64.80748663101605,90.3,11.397891145294453,0.20273796791443854,0.35,0.416,2010,2445,98.3957219251337,33.794117647058826,35.067914438502676,11.229946524064172,calm,low,83.3
35f17b2a-8fd2-4135-800a-260f9a3db872,68f2ce4a-28df-4f11-bf5b-c961d1f7d064,2026-01-04T22:31:08.878630+00:00,230,6.3727645502645505,49,50,766.9565217391305,782.608695652174,70.56277056277057,0.0,0.0,42.42424242424242,102.37155555555556,229.9,52.31194543656377,0.6518658008658009,0.998,1.442,3025,5503,59.55555555555555,57.27445887445888,61.51731601731602,45.887445887445885,aggressive,high,41.6
7829c414-f0e2-4531-a164-1bd3326dd583,68f2ce4a-28df-4f11-bf5b-c961d1f7d064,2026-01-04T22:31:23.258753+00:00,269,6.58421779835391,11,12,147.21189591078067,160.59479553903347,73.70370370370371,0.0,0.0,14.444444444444443,88.11592592592594,147.1,27.33235645398776,0.31949629629629633,0.497,0.597,2740,3585,99.25925925925925,46.14074074074074,43.12148148148149,23.333333333333332,normal,medium,74.7
feecf8b0-ad45-4df0-bd4d-673b1b0c8ae0,68f2ce4a-28df-4f11-bf5b-c961d1f7d064,2026-01-04T22:31:40.579742+00:00,379,6.148499269005848,4,0,37.99472295514512,0.0,88.68421052631578,0.0,0.0,0.0,58.55065963060686,77.1,9.026204497947411,0.12935526315789475,0.2,0.384,1571,2246,60.94986807387863,29.554210526315785,23.98868421052632,0.0,calm,low,83.6
c84b9a95-30da-4146-bb4f-471a302269ca,68f2ce4a-28df-4f11-bf5b-c961d1f7d064,2026-01-04T22:32:04.269409+00:00,187,3.108432919621749,2,1,38.50267379679144,19.25133689839572,85.1063829787234,0.0,0.0,0.0,59.84148936170212,80.5,11.489041120428984,0.13244680851063828,0.297,0.328,1592,2128,69.14893617021278,29.382978723404257,23.907978723404256,0.0,calm,low,84.5
4210c0d8-ee25-4dc6-97ff-cfaec56b8fe7,68f2ce4a-28df-4f11-bf5b-c961d1f7d064,2026-01-04T22:32:17.895408+00:00,199,5.654557361111112,37,36,669.3467336683417,651.2562814070352,71.0,1.0,0.0,38.5,104.36275510204081,221.6,53.397273974610506,0.6552899999999999,0.99,1.482,3082,5463,53.06122448979592,54.482,64.813,50.25380710659898,aggressive,high,41.3
31fb1962-6ce6-4ba8-b751-cd60cb983b97,68f2ce4a-28df-4f11-bf5b-c961d1f7d064,2026-01-04T22:32:30.656083+00:00,187,6.843570035460992,37,49,712.2994652406417,943.3155080213903,81.91489361702128,0.0,0.0,51.59574468085106,131.74787234042552,233.3,40.42972160539924,0.6132340425531916,0.99,1.428,3632,5478,40.95744680851064,66.26648936170213,61.694148936170215,46.808510638297875,aggressive,high,42.2
a96f55c0-7889-4120-a95e-cca20789ed26,68f2ce4a-28df-4f11-bf5b-c961d1f7d064,2026-01-04T22:32:42.084001+00:00,148,3.1510700969425804,5,11,121.62162162162161,267.56756756756755,85.23489932885906,0.0,0.0,8.053691275167784,76.64765100671141,142.1,22.768801756096103,0.31674496644295297,0.495,0.596,2622,3607,98.65771812080537,40.51006711409396,46.017449664429535,23.48993288590604,calm,low,79.3
925e0ac4-34e6-458c-bc6d-95f454af40eb,68f2ce4a-28df-4f11-bf5b-c961d1f7d064,2026-01-04T22:32:51.389976+00:00,185,7.0089195041816,16,29,311.35135135135135,564.3243243243244,86.02150537634408,0.0,0.0,54.83870967741935,136.38978494623655,208.6,32.12564468131824,0.5496236559139785,0.843,1.171,4146,5322,8.064516129032258,71.14569892473118,66.97311827956989,55.91397849462365,aggressive,high,43.9
eb6f4147-ac15-4387-8077-02ddb7d925a2,68f2ce4a-28df-4f11-bf5b-c961d1f7d064,2026-01-04T22:33:03.075385+00:00,211,3.3511732180293508,0,2,0.0,34.12322274881517,82.54716981132076,0.0,0.0,0.0,57.69238095238095,83.6,11.125592078310731,0.12321226415094341,0.283,0.199,1576,2174,65.71428571428571,28.80943396226415,23.682075471698116,0.0,normal,low,89.4
7c2a0a61-c1d2-4542-bc25-bcede8650af0,68f2ce4a-28df-4f11-bf5b-c961d1f7d064,2026-01-04T22:33:14.109817+00:00,146,7.529152683295539,27,30,665.7534246575343,739.7260273972603,98.63945578231292,0.0,4.761904761904762,81.63265306122449,185.6503401360544,250.0,38.06386215198247,0.8116190476190476,1.098,1.662,5723,6815,0.0,86.04897959183674,86.92108843537416,88.43537414965986,dangerous,high,38.7
599ca137-5f02-4c95-ad0d-52d31a518dbd,68f2ce4a-28df-4f11-bf5b-c961d1f7d064,2026-01-04T22:33:23.099136+00:00,331,5.887823125836681,8,6,87.00906344410876,65.25679758308158,92.7710843373494,0.0,0.0,0.9036144578313252,64.03674698795182,98.2,11.0624448384367,0.2067319277108434,0.35,0.448,2033,2772,99.69879518072288,32.549698795180724,34.86385542168674,11.74698795180723,calm,low,79.4
dff8ef3f-416f-437f-9f8c-9230568874d1,68f2ce4a-28df-4f11-bf5b-c961d1f7d064,2026-01-04T22:33:46.621363+00:00,208,5.229414141414142,9,11,155.76923076923077,190.3846153846154,66.50717703349282,0.0,0.0,10.526315789473683,90.50909090909092,144.3,26.85186660777755,0.3112105263157895,0.482,0.527,2784,3780,98.08612440191388,46.99760765550239,43.51818181818183,20.574162679425836,calm,low,76.3
9cb84b89-18a7-4735-a1b3-90e9c7f30ff3,68f2ce4a-28df-4f11-bf5b-c961d1f7d064,2026-01-04T22:34:00.198533+00:00,143,5.594461226851852,11,14,276.9230769230769,352.4475524475525,86.11111111111111,0.0,0.0,55.55555555555556,140.83958333333334,206.8,33.22041126817049,0.5272638888888889,0.842,1.132,4186,5216,5.555555555555555,71.45486111111111,64.40972222222223,55.55555555555556,aggressive,high,43.8
b6ec8ba1-42f1-4124-992a-64b35cbe4058,68f2ce4a-28df-4f11-bf5b-c961d1f7d064,2026-01-04T22:34:10.950467+00:00,150,2.615894039735099,4,7,96.0,168.0,91.3907284768212,0.0,0.0,1.3245033112582782,62.78145695364238,94.1,11.806707062179553,0.20290728476821193,0.35,0.442,1991,2463,98.01324503311258,32.63443708609271,35.37947019867549,12.582781456953644,calm,low,81.5
f52db212-49e0-44ff-a26a-38d20f548a40,68f2ce4a-28df-4f11-bf5b-c961d1f7d064,2026-01-04T22:34:20.620529+00:00,127,6.372654947916666,21,26,595.2755905511812,737.007874015748,99.21875,0.0,0.78125,79.6875,180.64218749999998,250.0,35.85695018353964,0.8015859375,1.082,1.631,5686,6542,0.0,85.1625,86.1671875,92.1875,normal,high,39.2
748da441-86cb-4025-b071-9a802ed6ae97,68f2ce4a-28df-4f11-bf5b-c961d1f7d064,2026-01-04T22:34:26.281050+00:00,301,1.3867816409124356,11,0,131.56146179401995,0.0,0.0,4.304635761589404,0.0,0.0,18.089338235294118,34.1,6.397437182438288,0.0792748344370861,0.1,0.799,917,1474,0.0,8.498675496688742,10.643708609271524,0.0,calm,low,80.5
57d34043-e904-4f64-8f68-04924965ef04,68f2ce4a-28df-4f11-bf5b-c961d1f7d064,2026-01-04T22:34:36.945923+00:00,217,3.4510133792048934,0,2,0.0,33.17972350230415,84.40366972477065,0.0,0.0,0.0,57.50230414746544,79.4,11.377763268545007,0.12103211009174311,0.281,0.199,1573,2213,65.43778801843318,29.329816513761465,23.855963302752293,0.0,normal,low,89.4
d7979e6f-8485-4132-8e50-f7458e405790,68f2ce4a-28df-4f11-bf5b-c961d1f7d064,2026-01-04T22:34:44.533161+00:00,173,6.970624042145593,20,25,416.1849710982659,520.2312138728324,89.65517241379311,0.0,0.0,58.620689655172406,145.05344827586205,232.8,30.283100341119518,0.5565172413793104,0.837,1.16,4231,5213,4.022988505747127,73.55747126436782,68.93103448275863,56.32183908045977,aggressive,high,42.5
34380a00-211c-48f1-8626-ac97e86072de,68f2ce4a-28df-4f11-bf5b-c961d1f7d064,2026-01-04T22:34:50.459742+00:00,92,4.338234169653525,18,22,704.3478260869565,860.8695652173913,96.7741935483871,0.0,2.1505376344086025,74.19354838709677,169.75698924731185,250.0,39.32315905731883,0.8326989247311827,1.078,1.671,5590,6626,0.0,81.63978494623656,88.33548387096775,87.09677419354838,normal,high,39.3
0e79f775-f5c4-475f-ab86-32c4b0c24edb,68f2ce4a-28df-4f11-bf5b-c961d1f7d064,2026-01-04T22:34:53.923543+00:00,330,5.559375629405841,2,0,21.81818181818182,0.0,93.95770392749245,0.0,0.0,0.0,60.647734138972815,86.4,9.096725249985777,0.12582477341389728,0.197,0.361,1579,2120,63.44410876132931,30.247129909365558,24.256495468277944,0.0,calm,low,84.8
62f7a250-ccaa-4426-9c9c-086db36178d5,68f2ce4a-28df-4f11-bf5b-c961d1f7d064,2026-01-04T22:35:15.463052+00:00,346,6.3018975344220305,10,6,104.04624277456648,62.42774566473989,95.10086455331412,0.0,0.0,0.2881844380403458,65.74624277456647,97.2,10.071909100824934,0.21672046109510085,0.35,0.449,2044,2713,99.42196531791907,32.7193083573487,35.08760806916426,8.069164265129682,calm,low,78.2
e381c303-1912-447f-a471-57b0a5d5b371,68f2ce4a-28df-4f11-bf5b-c961d1f7d064,2026-01-04T22:35:36.396386+00:00,200,6.293449419568823,14,19,252.0,342.0,54.72636815920397,0.4975124378109453,0.0,25.37313432835821,113.84850000000002,154.1,23.57070422685754,0.32678109452736315,0.495,0.596,3045,3754,97.0,59.47960199004976,43.60995024875622,32.5,normal,medium,70.7
03f8c041-c581-4d29-9004-29216a9837cb,68f2ce4a-28df-4f11-bf5b-c961d1f7d064,2026-01-04T22:35:48.977505+00:00,213,3.9399470404984416,2,4,33.80281690140845,67.6056338028169,94.85981308411215,0.0,0.0,0.46728971962616817,66.59065420560746,105.8,11.823835681631433,0.20977570093457945,0.35,0.42,2033,2555,99.53271028037383,33.399532710280376,35.77616822429907,10.7981220657277,calm,low,83.6
1ab422d4-ad4c-4406-90d9-b5946e54a4ba,68f2ce4a-28df-4f11-bf5b-c961d1f7d064,2026-01-04T22:36:01.891959+00:00,206,0.6810550187869029,10,0,174.75728155339806,0.0,0.0,9.66183574879227,0.0,0.0,14.574375,32.3,6.832534731662547,0.08708695652173913,0.1,0.778,929,1369,0.0,6.341062801932367,10.982125603864736,0.0,calm,low,79.5
90c43bee-0b7d-4cb5-8757-ea10315fc691,68f2ce4a-28df-4f11-bf5b-c961d1f7d064,2026-01-04T22:36:16.264613+00:00,387,1.5582512886597941,11,0,102.32558139534883,0.0,0.0,10.824742268041238,0.0,0.0,17.39871794871795,32.0,7.313532304338371,0.07456443298969072,0.098,0.776,923,1370,0.0,7.29561855670103,11.100257731958761,0.0,calm,low,78.9
29e6aedc-f0e5-4ec5-8490-b8d80082d810,68f2ce4a-28df-4f11-bf5b-c961d1f7d064,2026-01-04T22:36:40.105452+00:00,383,6.344850477430556,2,1,18.79895561357702,9.39947780678851,89.32291666666666,0.0,0.0,0.0,59.781462140992154,80.7,9.513532807444967,0.1276328125,0.333,0.357,1585,2252,65.79634464751958,30.515885416666666,24.11328125,0.0,calm,low,85.0
5bc62fbb-be6c-41ff-bf96-d74b84cb490e,68f2ce4a-28df-4f11-bf5b-c961d1f7d064,2026-01-04T22:36:59.155962+00:00,199,0.9349959722222223,7,0,126.63316582914572,0.0,0.0,7.000000000000001,0.0,0.0,19.548235294117646,35.9,8.210038500514525,0.079535,0.099,0.758,928,1488,0.0,9.154499999999999,10.8795,0.0,calm,low,82.9
8a279aa9-15c8-4fa4-9425-38387909cc8a,68f2ce4a-28df-4f11-bf5b-c961d1f7d064,2026-01-04T22:37:09.339032+00:00,311,5.66691728988604,5,5,57.87781350482315,57.87781350482315,92.3076923076923,0.3205128205128205,0.0,0.9615384615384616,65.80868167202573,95.6,11.483869094839651,0.21073397435897434,0.35,0.445,2024,2613,98.71382636655949,32.92467948717949,34.57692307692308,12.861736334405144,calm,low,81.5
15a896eb-0f42-4b64-9c59-2ee2ce6b73a0,68f2ce4a-28df-4f11-bf5b-c961d1f7d064,2026-01-04T22:37:25.360294+00:00,102,3.8222766990291253,12,15,423.5294117647059,529.4117647058824,85.43689320388349,0.0,0.0,51.45631067961165,134.9038834951456,217.0,31.6416645639065,0.5424174757281555,0.843,1.124,4101,5055,5.825242718446602,69.53398058252426,66.12815533980583,65.0485436893204,aggressive,high,42.6
f638bfb8-9af7-4b02-875d-2ea3f3e5c4ce,68f2ce4a-28df-4f11-bf5b-c961d1f7d064,2026-01-04T22:37:31.241823+00:00,203,4.400599945533769,40,40,709.35960591133,709.35960591133,60.78431372549019,1.4705882352941175,0.0,29.411764705882355,81.99329896907217,212.0,47.29850378448375,0.6370343137254901,0.986,1.498,2656,5550,69.0721649484536,47.0171568627451,62.853921568627456,49.75124378109453,aggressive,high,43.9
735ec92f-c7d1-4419-ac9f-0481f1e38e16,68f2ce4a-28df-4f11-bf5b-c961d1f7d064,2026-01-04T22:37:40.036303+00:00,299,7.7395042592592596,14,17,168.56187290969902,204.68227424749165,71.66666666666667,0.0,0.0,12.666666666666668,93.18466666666667,148.7,26.242898053039458,0.31299333333333335,0.491,0.568,2805,3712,98.66666666666667,48.727666666666664,44.16166666666667,23.666666666666668,normal,medium,71.6
7969a644-7f20-4911-b85d-5d3e19df0608,68f2ce4a-28df-4f11-bf5b-c961d1f7d064,2026-01-04T22:37:52.073402+00:00,328,5.3581364403917595,2,1,21.95121951219512,10.97560975609756,86.93009118541033,0.0,0.0,0.0,58.80881458966565,79.3,9.818245597820338,0.12732218844984802,0.259,0.359,1575,2184,66.26139817629179,29.665957446808513,24.074772036474165,0.0,calm,low,84.5
0b6fe2c4-07b5-42b4-87bc-1d76fe417dc9,68f2ce4a-28df-4f11-bf5b-c961d1f7d064,2026-01-04T22:38:07.291072+00:00,129,5.008176923076923,22,15,613.953488372093,418.6046511627907,88.46153846153845,0.0,0.0,60.76923076923077,139.7630769230769,200.2,33.0827706459037,0.5664153846153847,0.846,1.188,4172,5177,6.923076923076923,73.14076923076924,68.74384615384616,58.46153846153847,aggressive,high,44.4
8122d815-cdb3-407e-8202-e6382f7e7ad9,68f2ce4a-28df-4f11-bf5b-c961d1f7d064,2026-01-04T22:38:12.173007+00:00,206,3.335889694041868,4,0,69.90291262135922,0.0,86.47342995169082,0.0,0.0,0.0,58.29710144927536,79.6,10.78903054051664,0.13236714975845412,0.199,0.396,1577,2124,66.18357487922705,29.207246376811593,23.81690821256039,0.0,calm,low,83.6
c7edd47a-9d91-4ae5-90f8-76cf9ab22107,68f2ce4a-28df-4f11-bf5b-c961d1f7d064,2026-01-04T22:38:20.006588+00:00,194,9.619691737891738,29,33,538.1443298969073,612.3711340206186,97.43589743589743,0.0,3.076923076923077,80.51282051282051,178.5097435897436,250.0,38.142384492923995,0.7949282051282051,1.088,1.775,5642,6697,0.0,85.33128205128205,85.75794871794874,87.6923076923077,dangerous,high,38.6
98db1ecf-48e8-4bd4-8e63-5d1b941db42b,68f2ce4a-28df-4f11-bf5b-c961d1f7d064,2026-01-04T22:38:26.816550+00:00,207,5.2885072115384615,7,7,121.73913043478261,121.73913043478261,75.0,0.0,0.0,13.461538461538462,91.97403846153846,166.5,27.10210215800863,0.31846153846153846,0.497,0.579,2802,3656,97.59615384615384,47.23798076923077,42.7201923076923,28.846153846153843,calm,low,78.6
2ae74bee-2ff1-4974-b176-9c5abf19d6be,68f2ce4a-28df-4f11-bf5b-c961d1f7d064,2026-01-04T22:38:35.615387+00:00,247,1.2088558467741934,7,0,102.02429149797571,0.0,0.0,1.6129032258064515,0.0,0.0,18.560515021459228,34.9,6.303945470109786,0.07333467741935484,0.1,0.795,931,1449,0.0,8.806451612903226,10.455645161290322,0.0,calm,low,84.5
d6590b4a-eaf5-4923-a710-bc8b6a775b73,68f2ce4a-28df-4f11-bf5b-c961d1f7d064,2026-01-04T22:38:47.225275+00:00,184,9.076615015015014,34,40,665.2173913043478,782.6086956521739,98.91891891891892,0.0,1.6216216216216217,75.13513513513513,177.58594594594592,250.0,36.19492150874353,0.8175459459459459,1.047,1.773,5635,6560,0.0,83.31351351351351,87.37783783783784,84.32432432432432,normal,high,39.0
01b07cfb-55ba-499c-a3ed-400f49970a19,68f2ce4a-28df-4f11-bf5b-c961d1f7d064,2026-01-04T22:38:58.110571+00:00,252,4.654418972332016,6,3,85.71428571428571,42.857142857142854,94.86166007905138,0.0,0.0,0.7905138339920948,66.49169960474309,92.5,11.468281153050569,0.20733201581027666,0.35,0.448,2032,2530,99.60474308300395,34.14584980237154,35.38221343873518,7.936507936507936,calm,low,81.5
985bffee-8801-4d4c-9798-55dc7d01dc15,68f2ce4a-28df-4f11-bf5b-c961d1f7d064,2026-01-04T22:39:15.841178+00:00,142,4.442492618492619,32,30,811.2676056338029,760.5633802816902,69.93006993006993,0.0,0.0,44.05594405594406,115.85467625899278,217.0,50.374924136218056,0.6633146853146853,0.99,1.486,3329,5385,47.482014388489205,56.771328671328675,62.58111888111888,42.25352112676056,aggressive,high,41.6
87ab778c-5657-4761-b5d3-b8a7bc519402,68f2ce4a-28df-4f11-bf5b-c961d1f7d064,2026-01-04T22:39:24.749724+00:00,177,5.351653558052435,34,38,691.5254237288136,772.8813559322034,73.59550561797754,0.5617977528089888,0.0,47.19101123595505,112.61627906976744,208.1,50.2766586937765,0.6687528089887641,1.0,1.484,3263,5268,48.25581395348838,62.916853932584274,63.97977528089886,51.42857142857142,aggressive,high,42.5
968873ab-aa21-4068-838b-8fabe447bd77,68f2ce4a-28df-4f11-bf5b-c961d1f7d064,2026-01-04T22:39:35.546705+00:00,169,6.4012892156862735,23,24,489.9408284023669,511.2426035502959,85.88235294117646,0.0,0.0,54.11764705882353,136.35882352941175,207.0,30.980896558316278,0.5591647058823529,0.833,1.188,4138,5361,4.705882352941177,69.9664705882353,68.43117647058823,60.0,aggressive,high,44.3
f8d54390-7a99-4a0c-867a-155973af2334,68f2ce4a-28df-4f11-bf5b-c961d1f7d064,2026-01-04T22:39:42.993781+00:00,181,2.8568275335775333,1,0,19.88950276243094,0.0,83.51648351648352,0.0,0.0,0.0,57.122099447513804,78.6,11.246202944780654,0.12534615384615386,0.199,0.301,1556,2172,60.22099447513812,28.499450549450547,23.556043956043954,0.0,calm,low,85.4
27b8b406-f0a9-4ade-a54f-72d80cd97da0,68f2ce4a-28df-4f11-bf5b-c961d1f7d064,2026-01-04T22:39:51.632178+00:00,357,5.762303538175046,2,0,20.168067226890756,0.0,91.34078212290503,0.0,0.0,0.0,58.26274509803921,79.5,8.704330116244442,0.12417877094972068,0.2,0.371,1565,2067,65.54621848739495,28.552513966480443,23.924022346368712,0.0,calm,low,84.8
bfb2b7ac-da01-4925-b3ec-89cfc90a522a,68f2ce4a-28df-4f11-bf5b-c961d1f7d064,2026-01-04T22:40:10.258646+00:00,183,4.984401721014492,10,10,196.72131147540983,196.72131147540983,65.21739130434783,0.0,0.0,16.304347826086957,98.05380434782607,144.8,25.294388161872178,0.3210163043478261,0.497,0.573,2860,3597,97.82608695652173,51.28532608695652,42.67065217391304,23.369565217391305,calm,low,76.2
b1fedfd1-c025-4275-9997-c40065b02bb8,68f2ce4a-28df-4f11-bf5b-c961d1f7d064,2026-01-04T22:40:21.917827+00:00,134,5.349577777777776,18,15,483.58208955223887,402.9850746268657,89.62962962962962,0.0,0.0,58.51851851851851,143.71999999999997,213.6,33.53065993319481,0.5550740740740739,0.782,1.095,4228,4933,8.148148148148149,72.99037037037037,67.11185185185184,56.2962962962963,aggressive,high,43.1
ebee9ac1-4f64-406c-87a0-f4e14b894130,68f2ce4a-28df-4f11-bf5b-c961d1f7d064,2026-01-04T22:40:30.418193+00:00,235,6.4347569444444455,9,7,137.87234042553192,107.23404255319149,69.0677966101695,0.0,0.0,16.94915254237288,98.575,154.1,28.18677434332201,0.3119110169491525,0.452,0.568,2853,3826,96.61016949152543,51.2686440677966,42.045762711864406,22.45762711864407,calm,low,77.2
b3cc460c-41af-4f1c-9fc3-9a85f3b05738,68f2ce4a-28df-4f11-bf5b-c961d1f7d064,2026-01-04T22:40:45.294185+00:00,245,4.0644935636856365,3,2,44.08163265306123,29.38775510204082,91.05691056910568,0.0,0.0,0.0,59.95918367346939,80.0,9.965276824592172,0.13237804878048778,0.334,0.385,1598,2268,70.61224489795919,30.58658536585366,24.502032520325205,0.0,calm,low,83.6
5608c4f0-c3bb-4f53-a11d-f62ade1de35e,68f2ce4a-28df-4f11-bf5b-c961d1f7d064,2026-01-04T22:40:58.334917+00:00,189,4.372421052631578,6,8,114.28571428571429,152.38095238095238,81.05263157894737,0.0,0.0,6.842105263157896,83.28421052631577,138.4,22.706712737076224,0.31142631578947366,0.481,0.57,2686,3557,99.47368421052632,41.921052631578945,44.078947368421055,27.513227513227513,calm,low,79.6
96310541-e088-48e5-a6c1-d77fe10a59a3,68f2ce4a-28df-4f11-bf5b-c961d1f7d064,2026-01-04T22:41:08.813078+00:00,206,4.966944176060119,12,13,209.70873786407768,227.18446601941747,80.19323671497585,0.0,0.0,12.077294685990339,86.8009661835749,158.4,27.074183275450302,0.3275265700483092,0.499,0.598,2741,3619,99.03381642512076,45.35748792270532,44.049275362318845,27.053140096618357,normal,medium,73.8
5ef21c21-2793-44b1-80c8-8482cd2f3f10,68f2ce4a-28df-4f11-bf5b-c961d1f7d064,2026-01-04T22:41:17.794080+00:00,297,7.258588087248322,21,16,254.54545454545453,193.93939393939394,82.5503355704698,0.0,0.0,10.738255033557047,87.98288590604027,147.8,23.460408082048453,0.31391946308724833,0.5,0.6,2754,3809,98.65771812080537,45.00570469798658,45.484563758389264,27.181208053691275,normal,medium,68.1
cf50ba9a-bad3-4e8f-9b7d-51697e0a621e,68f2ce4a-28df-4f11-bf5b-c961d1f7d064,2026-01-04T22:41:34.481957+00:00,353,5.808794491525424,1,2,10.198300283286118,20.396600566572236,90.3954802259887,0.0,0.0,0.0,59.23983050847457,77.2,8.51262080475942,0.12539265536723163,0.329,0.349,1573,2144,63.2768361581921,30.006214689265537,24.362994350282484,0.0,calm,low,88.7
8adf7503-da77-4cda-aa7f-bc7e8700075b,68f2ce4a-28df-4f11-bf5b-c961d1f7d064,2026-01-04T22:41:56.381637+00:00,201,3.5724764851485147,5,4,89.55223880597015,71.64179104477613,93.56435643564357,0.0,0.0,0.0,63.98465346534653,88.0,11.14586066790845,0.20385148514851487,0.35,0.445,2005,2621,97.52475247524752,32.42079207920792,35.66039603960396,6.435643564356436,calm,low,81.8
ed92ac8e-bf3e-4d31-8446-f114b5d6ccb0,68f2ce4a-28df-4f11-bf5b-c961d1f7d064,2026-01-04T22:42:10.573627+00:00,108,3.688238532110092,12,12,400.0,400.0,80.73394495412845,0.0,0.0,43.11926605504588,122.94128440366974,182.9,35.68536618584987,0.5481192660550458,0.85,1.171,3964,4836,17.431192660550458,65.23302752293577,64.10642201834864,56.88073394495413,aggressive,high,46.8
ffadbfa9-aac1-4582-a3e2-bcc7987ba9b3,68f2ce4a-28df-4f11-bf5b-c961d1f7d064,2026-01-04T22:42:18.746955+00:00,194,7.001106267806268,20,34,371.1340206185567,630.9278350515464,87.17948717948718,0.0,0.0,46.15384615384615,129.9174358974359,201.5,29.806655659944578,0.5381641025641026,0.84,1.194,4057,5066,8.205128205128204,69.00769230769231,66.76205128205129,60.0,aggressive,high,45.0
18cf02f2-ed90-4dbe-9443-746de9d8c515,68f2ce4a-28df-4f11-bf5b-c961d1f7d064,2026-01-04T22:42:30.886148+00:00,211,5.637946540880504,9,15,153.55450236966823,255.92417061611374,71.22641509433963,0.0,0.0,17.92452830188679,96.1924528301887,154.1,27.48833611344111,0.3157405660377358,0.493,0.576,2830,3923,97.16981132075472,51.02641509433963,43.184433962264144,32.075471698113205,normal,medium,74.8
6422ae60-ecfb-4b7d-88a3-cde56e6fe3ee,68f2ce4a-28df-4f11-bf5b-c961d1f7d064,2026-01-04T22:42:44.527788+00:00,170,5.446296296296296,32,35,677.6470588235294,741.1764705882354,75.43859649122807,0.0,0.0,48.53801169590643,117.37559523809526,225.1,46.215286196421204,0.6491345029239767,0.979,1.418,3364,5455,49.404761904761905,60.89298245614035,62.68304093567251,47.368421052631575,aggressive,high,41.8
e469c41a-005f-4836-8007-62e06519ea33,68f2ce4a-28df-4f11-bf5b-c961d1f7d064,2026-01-04T22:42:55.266298+00:00,134,5.87592757201646,24,28,644.7761194029852,752.2388059701493,95.55555555555556,0.0,1.4814814814814816,76.29629629629629,157.86074074074074,250.0,39.16311586040809,0.799162962962963,1.095,1.79,5377,6792,0.0,81.88962962962964,87.61111111111113,87.4074074074074,normal,high,39.1
6f6a7526-80f7-460b-89cc-8eef706acb04,68f2ce4a-28df-4f11-bf5b-c961d1f7d064,2026-01-04T22:43:04.092984+00:00,172,3.1069640333975603,3,3,62.7906976744186,62.7906976744186,94.79768786127167,0.0,0.0,1.1560693641618496,65.02947976878615,85.7,11.075061725106032,0.20687861271676306,0.35,0.416,2024,2498,98.84393063583815,32.75260115606936,35.2878612716763,7.514450867052023,calm,low,83.3
fdcda5c7-aa97-4100-b4ac-c3399768a392,68f2ce4a-28df-4f11-bf5b-c961d1f7d064,2026-01-04T22:43:16.164134+00:00,209,3.349501455026455,1,2,17.22488038277512,34.44976076555024,86.19047619047619,0.4761904761904762,0.0,0.0,57.94736842105263,78.6,9.711094886169601,0.12695714285714285,0.29,0.334,1572,2096,63.63636363636363,29.174285714285716,23.9947619047619,0.0,calm,low,85.9
e2882c4f-528e-4950-ba85-35cb613e7c3f,68f2ce4a-28df-4f11-bf5b-c961d1f7d064,2026-01-04T22:43:29.837273+00:00,161,6.392876028806583,25,16,559.0062111801243,357.7639751552795,89.50617283950618,0.0,0.0,54.32098765432099,142.94629629629628,195.3,29.567769278552944,0.5593765432098765,0.807,1.198,4209,5230,7.4074074074074066,71.92839506172838,68.41172839506173,64.81481481481481,aggressive,high,45.6
1d6a5745-7957-43de-851a-c293c3ae6c24,68f2ce4a-28df-4f11-bf5b-c961d1f7d064,2026-01-04T22:43:37.389659+00:00,156,7.736324840764332,28,31,646.1538461538461,715.3846153846154,95.54140127388536,0.0,3.821656050955414,77.70700636942675,178.53057324840765,250.0,40.17897802915804,0.8085541401273886,1.075,1.775,5643,6924,0.0,85.33949044585988,86.98662420382166,85.35031847133759,dangerous,high,38.7
7cb27937-990f-450c-bcec-ac4bd5c742ef,68f2ce4a-28df-4f11-bf5b-c961d1f7d064,2026-01-04T22:43:48.361019+00:00,346,6.308157220621197,5,8,52.02312138728324,83.23699421965318,93.65994236311239,0.0,0.0,0.2881844380403458,65.63400576368876,95.0,11.332798888171281,0.20648126801152739,0.35,0.447,2041,2605,99.13544668587896,33.96829971181556,35.07377521613833,10.69364161849711,calm,low,80.6
01499bf6-5dab-4ee0-bee1-f863cf4f8cdb,68f2ce4a-28df-4f11-bf5b-c961d1f7d064,2026-01-04T22:44:12.137780+00:00,289,5.417947222222224,3,7,37.37024221453287,87.19723183391002,89.3103448275862,0.0,0.0,2.0689655172413794,67.49000000000001,125.2,15.238024240649464,0.20650689655172413,0.35,0.432,2062,2847,99.6551724137931,35.5951724137931,35.429310344827584,9.310344827586208,calm,low,82.1
c13fdac0-3ec4-483e-9e48-008fcfa85e0b,68f2ce4a-28df-4f11-bf5b-c961d1f7d064,2026-01-04T22:44:30.041657+00:00,239,5.920920717592592,7,15,105.43933054393305,225.94142259414227,77.5,0.4166666666666667,0.0,9.583333333333334,89.55857740585776,157.4,25.463221480901254,0.31201666666666666,0.487,0.56,2774,3633,99.16317991631799,46.176249999999996,45.14416666666666,26.359832635983267,calm,low,76.4
61669412-bb5e-4fea-8d93-351407279d91,68f2ce4a-28df-4f11-bf5b-c961d1f7d064,2026-01-04T22:44:41.630222+00:00,209,3.8162957671957667,4,4,68.89952153110048,68.89952153110048,94.28571428571428,0.0,0.0,0.0,65.73523809523809,93.2,11.076108831537931,0.2067952380952381,0.35,0.418,2019,2563,99.52380952380952,33.09619047619047,35.91333333333333,9.523809523809524,calm,low,82.4
27610427-c7e8-41bf-9636-db9f2fe04d5c,68f2ce4a-28df-4f11-bf5b-c961d1f7d064,2026-01-04T22:44:50.965314+00:00,141,3.269368544600939,5,8,127.6595744680851,204.25531914893617,78.87323943661971,0.0,0.0,4.929577464788732,83.47323943661972,140.8,26.466279144594,0.3019788732394366,0.448,0.509,2724,3650,99.29577464788733,41.792957746478876,43.49577464788732,24.647887323943664,calm,low,79.6
11c40c57-ace3-49b3-9869-f64288ff0cb4,68f2ce4a-28df-4f11-bf5b-c961d1f7d064,2026-01-04T22:44:57.478900+00:00,303,5.372214364035088,6,6,71.2871287128713,71.2871287128713,94.73684210526315,0.0,0.0,0.3289473684210526,64.02310231023102,91.0,10.146800091252555,0.2081940789473684,0.35,0.436,2022,2649,99.66996699669967,32.76842105263158,35.01085526315789,12.171052631578947,calm,low,80.6
3bd6fdb4-4400-413d-92b3-dadd76d6258b,68f2ce4a-28df-4f11-bf5b-c961d1f7d064,2026-01-04T22:45:13.222218+00:00,135,4.029292279411764,6,5,160.0,133.33333333333334,56.61764705882353,0.0,0.0,13.970588235294118,107.44779411764705,154.5,26.05676486316141,0.31873529411764706,0.484,0.582,2976,3856,92.64705882352942,53.52132352941176,40.67867647058823,21.323529411764707,calm,low,80.0
5aa1f034-532b-418f-95ce-4c2152a95239,68f2ce4a-28df-4f11-bf5b-c961d1f7d064,2026-01-04T22:45:19.785794+00:00,232,7.311595612780162,42,45,651.7241379310345,698.2758620689656,76.39484978540773,0.0,0.0,44.63519313304721,114.93565217391304,228.4,50.984358541409705,0.6437682403433476,0.977,1.495,3288,5490,49.130434782608695,57.76309012875536,66.40729613733906,46.3519313304721,aggressive,high,41.0
25640b9a-af7c-4d34-a149-623e1fb8a485,68f2ce4a-28df-4f11-bf5b-c961d1f7d064,2026-01-04T22:45:30.835802+00:00,138,6.644187050359712,25,33,652.1739130434784,860.8695652173914,95.68345323741008,0.0,2.158273381294964,82.01438848920863,173.32661870503597,250.0,39.52528846365564,0.857158273381295,1.099,1.798,5577,6733,0.0,85.7546762589928,87.17410071942446,87.76978417266187,dangerous,high,38.6
d6af833e-cebf-4df1-b0be-4c722423d2a6,68f2ce4a-28df-4f11-bf5b-c961d1f7d064,2026-01-04T22:45:36.283263+00:00,106,4.096134994807892,11,18,373.5849056603774,611.3207547169811,91.58878504672897,0.0,0.0,50.467289719626166,139.1140186915888,209.5,40.74110291864578,0.5602897196261681,0.848,1.189,4158,5192,12.149532710280374,69.59345794392524,67.33364485981309,59.813084112149525,aggressive,high,42.7
82a9f636-f787-48a1-a983-1c7bee181764,68f2ce4a-28df-4f11-bf5b-c961d1f7d064,2026-01-04T22:45:40.115103+00:00,304,5.641248816029146,8,5,94.73684210526315,59.21052631578947,96.39344262295081,0.0,0.0,0.0,66.80426229508198,88.4,10.552955371778197,0.20871803278688525,0.35,0.442,2013,2552,99.01639344262296,34.13213114754098,35.38360655737705,10.491803278688524,calm,low,79.7
fd396d61-242a-45d4-853d-def6c53f9da9,68f2ce4a-28df-4f11-bf5b-c961d1f7d064,2026-01-04T22:45:50.374304+00:00,143,5.554214891975309,17,21,427.972027972028,528.6713286713286,88.19444444444444,0.0,0.0,59.02777777777778,139.82638888888889,230.2,32.56198999624304,0.5503819444444444,0.829,1.17,4159,5325,4.861111111111112,73.54097222222222,69.27291666666666,63.19444444444444,aggressive,high,42.3
